filename,score,bbox_fill,aspect_ratio,transparency,vertical_center,reasons
This dahlia displays hundreds of pink and white petals tightly arranged in a spiral.webp,5.00,0.74,1.00,0.30,0.49,Very dense bloom (74% bbox fill); Square shape (aspect 1.00); Low transparency (30%)
Large_ single hibiscus-like bloom_ translucent petals with pink_ orange_ and blue hues_ delicate veining.webp,4.00,0.66,0.97,0.44,0.48,Very dense bloom (66% bbox fill); Square shape (aspect 0.97); Medium transparency (44%)
This single hibiscus bloom showcases layered_ overlapping petals in shades of pink and purple.webp,4.00,0.73,0.97,0.40,0.52,Very dense bloom (73% bbox fill); Square shape (aspect 0.97); Medium transparency (40%)
The rose-like flower is a single bloom in shades of pink with overlapping petals.webp,4.00,0.77,0.99,0.36,0.50,Very dense bloom (77% bbox fill); Square shape (aspect 0.99); Medium transparency (36%)
This white peony boasts fluffy_ layered petals and one large singular bloom.webp,4.00,0.69,1.10,0.43,0.52,Very dense bloom (69% bbox fill); Square shape (aspect 1.10); Medium transparency (43%)
This is a single_ light purple petunia-like flower_ petals have clear vein-like patterns.webp,4.00,0.69,1.11,0.44,0.49,Very dense bloom (69% bbox fill); Square shape (aspect 1.11); Medium transparency (44%)
Three pink hollyhock blooms feature ruffled petals and prominent green centers.webp,4.00,0.68,0.94,0.41,0.46,Very dense bloom (68% bbox fill); Square shape (aspect 0.94); Medium transparency (41%)
This is a single_ lavender chrysanthemum-type flower with many rounded petals densely arranged.webp,4.00,0.74,0.99,0.42,0.50,Very dense bloom (74% bbox fill); Square shape (aspect 0.99); Medium transparency (42%)
Vibrant yellow pansy with numerous blooms_ delicate petal texture_ and dark inner markings.webp,4.00,0.69,1.01,0.44,0.49,Very dense bloom (69% bbox fill); Square shape (aspect 1.01); Medium transparency (44%)
The single peach-colored hibiscus flower has ruffled petals and distinctive red stamen.webp,4.00,0.69,0.98,0.40,0.51,Very dense bloom (69% bbox fill); Square shape (aspect 0.98); Medium transparency (40%)
This is a single dahlia-like bloom with many cream petals and a reddish-orange center.webp,4.00,0.68,1.00,0.42,0.49,Very dense bloom (68% bbox fill); Square shape (aspect 1.00); Medium transparency (42%)
This is a yellow pansy with five overlapping_ delicate petals and dark markings.webp,4.00,0.70,0.98,0.40,0.48,Very dense bloom (70% bbox fill); Square shape (aspect 0.98); Medium transparency (40%)
This a golden-yellow chrysantheтит with abundant curved petals in tight concentric circles.webp,4.00,0.70,1.01,0.40,0.52,Very dense bloom (70% bbox fill); Square shape (aspect 1.01); Medium transparency (40%)
This is a single yellow chrysanthemum with many intricately arranged_ spoon-shaped petals.webp,4.00,0.72,1.01,0.40,0.51,Very dense bloom (72% bbox fill); Square shape (aspect 1.01); Medium transparency (40%)
Yellow zinnia flower_ numerous broad petals arranged in layered_ concentric rows_ small_ distinctive center florets.webp,4.00,0.74,1.00,0.36,0.50,Very dense bloom (74% bbox fill); Square shape (aspect 1.00); Medium transparency (36%)
The yellow pansy has five rounded petals_ arranged in a distinctive face-like pattern.webp,4.00,0.77,0.97,0.34,0.47,Very dense bloom (77% bbox fill); Square shape (aspect 0.97); Medium transparency (34%)
White camellia bloom with blush pink accents and densely petaled rosette shape.webp,4.00,0.68,0.93,0.42,0.50,Very dense bloom (68% bbox fill); Square shape (aspect 0.93); Medium transparency (42%)
White_ single rose with tightly swirled petals fading to pale pink towards the center.webp,4.00,0.70,1.00,0.42,0.49,Very dense bloom (70% bbox fill); Square shape (aspect 1.00); Medium transparency (42%)
White peony_ single bloom_ with dense_ ruffled petals and yellow center.webp,4.00,0.73,1.04,0.37,0.50,Very dense bloom (73% bbox fill); Square shape (aspect 1.04); Medium transparency (37%)
This is a single dahlia bloom_ in hues of purple_ pink_ and white_ with layered petals.webp,4.00,0.70,0.99,0.31,0.49,Very dense bloom (70% bbox fill); Square shape (aspect 0.99); Medium transparency (31%)
This purple-blue hydrangea has many blooms with rounded petals in a clustered arrangement.webp,4.00,0.71,0.98,0.43,0.48,Very dense bloom (71% bbox fill); Square shape (aspect 0.98); Medium transparency (43%)
There is a single_ large peony bloom with ruffled white and light peach petals.webp,4.00,0.69,1.03,0.40,0.47,Very dense bloom (69% bbox fill); Square shape (aspect 1.03); Medium transparency (40%)
The round hydrangea has many bluish-purple blooms with broad_ subtly veined petals.webp,4.00,0.75,0.89,0.40,0.50,Very dense bloom (75% bbox fill); Square shape (aspect 0.89); Medium transparency (40%)
This dahlia has one bloom in shades of purple and pink_ petals are layered.webp,4.00,0.68,1.01,0.37,0.50,Very dense bloom (68% bbox fill); Square shape (aspect 1.01); Medium transparency (37%)
This flower is a light blue trumpet shape with veined petals_ and one bloom.webp,4.00,0.72,0.97,0.45,0.51,Very dense bloom (72% bbox fill); Square shape (aspect 0.97); Medium transparency (45%)
Violet chrysanthemum with numerous rounded petals arranged tightly in a full bloom.webp,4.00,0.71,1.08,0.41,0.51,Very dense bloom (71% bbox fill); Square shape (aspect 1.08); Medium transparency (41%)
Single_ purple pansy bloom with five rounded petals and prominent veining.webp,4.00,0.75,0.94,0.38,0.47,Very dense bloom (75% bbox fill); Square shape (aspect 0.94); Medium transparency (38%)
This iris flower has multiple blooms in shades of purple-blue_ with delicately ruffled petals.webp,4.00,0.66,0.97,0.44,0.47,Very dense bloom (66% bbox fill); Square shape (aspect 0.97); Medium transparency (44%)
This single_ purple bloom shows distinct veining on its soft_ rounded petals.webp,4.00,0.73,0.92,0.44,0.49,Very dense bloom (73% bbox fill); Square shape (aspect 0.92); Medium transparency (44%)
Violet chrysanthemum with dense_ layered_ spoon shaped petals_ single bloom.webp,4.00,0.71,1.00,0.36,0.49,Very dense bloom (71% bbox fill); Square shape (aspect 1.00); Medium transparency (36%)
The single blue bloom_ likely a morning glory_ showcases delicate_ paper-thin_ funnel-shaped petals.webp,4.00,0.69,0.97,0.43,0.51,Very dense bloom (69% bbox fill); Square shape (aspect 0.97); Medium transparency (43%)
There is one large_ purple petunia-like bloom with slightly ruffled edges visible.webp,4.00,0.73,0.99,0.43,0.51,Very dense bloom (73% bbox fill); Square shape (aspect 0.99); Medium transparency (43%)
Violet chrysanthemums bloom with many rounded petals arranged tightly and radiating from a dense center.webp,4.00,0.69,1.06,0.39,0.51,Very dense bloom (69% bbox fill); Square shape (aspect 1.06); Medium transparency (39%)
This camellia has one bloom in shades of pink_ with layered_ ruffled petals.webp,4.00,0.69,1.00,0.38,0.50,Very dense bloom (69% bbox fill); Square shape (aspect 1.00); Medium transparency (38%)
This camellia features multiple blooms of pink petals with intricate veins and golden stamens.webp,4.00,0.75,0.94,0.38,0.50,Very dense bloom (75% bbox fill); Square shape (aspect 0.94); Medium transparency (38%)
This dahlia has one large bloom in shades of pink_ coral_ and purple. Many layers of pointed petals.webp,4.00,0.67,0.97,0.40,0.49,Very dense bloom (67% bbox fill); Square shape (aspect 0.97); Medium transparency (40%)
This Dahlia has one full bloom_ salmon colored with layered pointed petals_ a green center.webp,4.00,0.67,1.01,0.38,0.50,Very dense bloom (67% bbox fill); Square shape (aspect 1.01); Medium transparency (38%)
The rose's petals blend creamy white to soft pink_ layered densely to form a bloom.webp,4.00,0.69,0.95,0.41,0.49,Very dense bloom (69% bbox fill); Square shape (aspect 0.95); Medium transparency (41%)
The vibrant red dahlia has multiple layers of densely packed_ pointed petals.webp,4.00,0.69,1.01,0.41,0.50,Very dense bloom (69% bbox fill); Square shape (aspect 1.01); Medium transparency (41%)
This hibiscus has large_ rounded petals in gradient hues of orange_ pinks_ purple and blue. One bloom.webp,4.00,0.71,1.01,0.34,0.48,Very dense bloom (71% bbox fill); Square shape (aspect 1.01); Medium transparency (34%)
A single_ pink peony bloom with many layered_ ruffled petals forming a dense head.webp,4.00,0.76,1.03,0.35,0.50,Very dense bloom (76% bbox fill); Square shape (aspect 1.03); Medium transparency (35%)
A single_ pink peony bloom is featured_ with layers of rounded_ overlapping petals.webp,4.00,0.72,1.07,0.41,0.48,Very dense bloom (72% bbox fill); Square shape (aspect 1.07); Medium transparency (41%)
This is a single_ large red rose with tightly swirled petals and a textured appearance.webp,4.00,0.71,1.00,0.44,0.50,Very dense bloom (71% bbox fill); Square shape (aspect 1.00); Medium transparency (44%)
Gerbera daisy exhibits many salmon-colored petals radiating from a yellow-ish center in a single bloom.webp,4.00,0.69,0.96,0.38,0.49,Very dense bloom (69% bbox fill); Square shape (aspect 0.96); Medium transparency (38%)
A single pink poppy-like flower with flowing_ translucent petals arranged in layers and feathery stamens.webp,4.00,0.66,0.95,0.42,0.47,Very dense bloom (66% bbox fill); Square shape (aspect 0.95); Medium transparency (42%)
This is a single_ pink peony bloom with many layered_ ruffled petals.webp,4.00,0.74,1.03,0.37,0.49,Very dense bloom (74% bbox fill); Square shape (aspect 1.03); Medium transparency (37%)
The single_ large dahlia has numerous layers of peach-pink petals with a pointed shape.webp,4.00,0.73,0.99,0.42,0.49,Very dense bloom (73% bbox fill); Square shape (aspect 0.99); Medium transparency (42%)
This Dahlia has many petals with pointed tips in colors of pinks_ purples_ and whites.webp,4.00,0.68,1.01,0.34,0.49,Very dense bloom (68% bbox fill); Square shape (aspect 1.01); Medium transparency (34%)
The single pink peony bloom features layered_ ruffled petals and a golden center.webp,4.00,0.74,1.04,0.33,0.48,Very dense bloom (74% bbox fill); Square shape (aspect 1.04); Medium transparency (33%)
This dahlia has dozens of red overlapping petals arranged in a concentric pattern around a green center.webp,4.00,0.68,0.96,0.41,0.50,Very dense bloom (68% bbox fill); Square shape (aspect 0.96); Medium transparency (41%)
The single flower is a rust-red rose_ full blooms_ with inward-curling petals.webp,4.00,0.72,0.94,0.43,0.49,Very dense bloom (72% bbox fill); Square shape (aspect 0.94); Medium transparency (43%)
This dahlia bloom shows layers of pointed_ peach petals radiating from the center.webp,4.00,0.68,0.99,0.41,0.50,Very dense bloom (68% bbox fill); Square shape (aspect 0.99); Medium transparency (41%)
Single_ large pink peony flower with tightly packed_ ruffled petals.webp,4.00,0.74,1.06,0.37,0.50,Very dense bloom (74% bbox fill); Square shape (aspect 1.06); Medium transparency (37%)
The single rose bloom displays layered_ ruffled petals in shades of orange and pink.webp,4.00,0.72,0.98,0.45,0.48,Very dense bloom (72% bbox fill); Square shape (aspect 0.98); Medium transparency (45%)
The single dahlia displays many peach-orange petals arranged in a dense_ layered_ circular form.webp,4.00,0.72,1.01,0.37,0.50,Very dense bloom (72% bbox fill); Square shape (aspect 1.01); Medium transparency (37%)
The single dahlia bloom is peach colored with pointed petals and purple center.webp,4.00,0.66,1.04,0.42,0.52,Very dense bloom (66% bbox fill); Square shape (aspect 1.04); Medium transparency (42%)
Dahlia with many peach and pink petals arranged in a dense_ spiral pattern.webp,4.00,0.65,0.98,0.45,0.51,Very dense bloom (65% bbox fill); Square shape (aspect 0.98); Medium transparency (45%)
The single pink peony bloom has many layered petals and a golden center.webp,4.00,0.76,1.01,0.33,0.48,Very dense bloom (76% bbox fill); Square shape (aspect 1.01); Medium transparency (33%)
A single pink peony flower with many layers of ruffled petals.webp,4.00,0.71,1.06,0.37,0.49,Very dense bloom (71% bbox fill); Square shape (aspect 1.06); Medium transparency (37%)
This orange-peach gerbera daisy bloom is full_ with many rounded_ layered petals around a dark center.webp,4.00,0.73,1.00,0.37,0.49,Very dense bloom (73% bbox fill); Square shape (aspect 1.00); Medium transparency (37%)
The single hibiscus bloom is red-tinged and has veined petals with a prominent stamen.webp,4.00,0.70,0.99,0.41,0.48,Very dense bloom (70% bbox fill); Square shape (aspect 0.99); Medium transparency (41%)
The single camellia-like bloom features many layered_ pink petals and a textured center.webp,4.00,0.74,0.99,0.39,0.48,Very dense bloom (74% bbox fill); Square shape (aspect 0.99); Medium transparency (39%)
The single pink peony bloom has layered_ ruffled petals and a prominent center.webp,4.00,0.77,1.04,0.31,0.50,Very dense bloom (77% bbox fill); Square shape (aspect 1.04); Medium transparency (31%)
A single_ open-faced petunia flower_ features pink and red veins on slightly ruffled petals.webp,4.00,0.73,0.99,0.38,0.49,Very dense bloom (73% bbox fill); Square shape (aspect 0.99); Medium transparency (38%)
The single cosmos bloom features purple-hued petals with a frilled edge and golden center.webp,3.50,0.70,1.00,0.45,0.51,Very dense bloom (70% bbox fill); Square shape (aspect 1.00)
Violet pansy has five broad_ veined petals arranged in a classic_ overlapping pattern.webp,3.50,0.69,1.02,0.53,0.46,Very dense bloom (69% bbox fill); Square shape (aspect 1.02)
This is a single orange hibiscus flower with five translucent_ textured petals and a prominent stamen.webp,3.50,0.68,0.96,0.46,0.47,Very dense bloom (68% bbox fill); Square shape (aspect 0.96)
This is a single_ yellow dahlia with numerous petals tightly arranged in a spiral.webp,3.50,0.68,0.95,0.45,0.51,Very dense bloom (68% bbox fill); Square shape (aspect 0.95)
This is a single peach-pink_ full rose with layered_ slightly ruffled petals arranged in a swirl.webp,3.50,0.67,1.03,0.47,0.49,Very dense bloom (67% bbox fill); Square shape (aspect 1.03)
The singular rose bloom is peach-colored_ with tightly spiraled petals at the center.webp,3.50,0.65,0.98,0.46,0.49,Very dense bloom (65% bbox fill); Square shape (aspect 0.98)
This orange marigold flower has one bloom with many ruffled_ layered petals.webp,3.50,0.67,1.00,0.46,0.45,Very dense bloom (67% bbox fill); Square shape (aspect 1.00)
The single bloom is a white rose with layered_ ruffled petals.webp,3.50,0.71,1.03,0.50,0.49,Very dense bloom (71% bbox fill); Square shape (aspect 1.03)
The white gardenia has one bloom with layered_ gracefully curved petals and a yellow center.webp,3.50,0.68,0.99,0.46,0.49,Very dense bloom (68% bbox fill); Square shape (aspect 0.99)
White bougainvillea in a realistic_ rendered style with detailed petal veins_ against a black background..webp,3.50,0.65,1.10,0.46,0.47,Very dense bloom (65% bbox fill); Square shape (aspect 1.10)
This single_ purple anemone flower features delicate_ textured petals and a dark_ central disc.webp,3.50,0.67,0.90,0.52,0.45,Very dense bloom (67% bbox fill); Square shape (aspect 0.90)
Single purple pansy with rounded petals and a yellow center.webp,3.50,0.71,0.93,0.48,0.45,Very dense bloom (71% bbox fill); Square shape (aspect 0.93)
This iris bloom displays complex_ ruffled petals_ predominantly purple and white_ with unique striped markings.webp,3.50,0.69,1.01,0.51,0.49,Very dense bloom (69% bbox fill); Square shape (aspect 1.01)
This is a single pansy bloom showcasing lavender_ pink_ and purple hues_ with rounded petals.webp,3.50,0.72,0.94,0.49,0.47,Very dense bloom (72% bbox fill); Square shape (aspect 0.94)
The single_ light pink camellia has many layers of delicately curved petals.webp,3.50,0.71,0.87,0.51,0.49,Very dense bloom (71% bbox fill); Square shape (aspect 0.87)
This single rose bloom features layered petals of red and white_ swirled tightly inward.webp,3.50,0.70,1.02,0.49,0.49,Very dense bloom (70% bbox fill); Square shape (aspect 1.02)
The red dahlia features one layered bloom with spiky petals arranged in a starburst.webp,3.50,0.66,0.91,0.57,0.50,Very dense bloom (66% bbox fill); Square shape (aspect 0.91)
This hibiscus flower has a single bloom with translucent orange petals_ and a prominent stamen.webp,3.50,0.66,1.00,0.45,0.51,Very dense bloom (66% bbox fill); Square shape (aspect 1.00)
The rose has one bloom_ is peach-toned_ and has tightly spiraled petal arrangement.webp,3.50,0.67,0.96,0.53,0.50,Very dense bloom (67% bbox fill); Square shape (aspect 0.96)
This is a single_ deep red rose with many tightly spiraled petals.webp,3.50,0.72,0.92,0.49,0.50,Very dense bloom (72% bbox fill); Square shape (aspect 0.92)
The rose has one bloom_ orange-peach hue_ and softly curved petals tightly arranged.webp,3.50,0.66,0.96,0.46,0.45,Very dense bloom (66% bbox fill); Square shape (aspect 0.96)
Vibrant orange flower_ single bloom with many rounded petals in dense_ layered arrangement.webp,3.50,0.73,0.96,0.50,0.51,Very dense bloom (73% bbox fill); Square shape (aspect 0.96)
The vibrant red geranium has six petal-like lobes featuring vein-like markings.webp,3.50,0.72,0.94,0.49,0.48,Very dense bloom (72% bbox fill); Square shape (aspect 0.94)
This is a pink hydrangea with many clustered blooms and oval-shaped petals.webp,3.00,0.57,0.92,0.56,0.41,Dense bloom (57% bbox fill); Square shape (aspect 0.92); Top-heavy (center at 41%)
Wisteria-like flower blooms in multiple cascading clusters_ colored in purple and lavender hues.webp,3.00,0.50,0.86,0.57,0.41,Dense bloom (50% bbox fill); Square shape (aspect 0.86); Top-heavy (center at 41%)
Single_ vibrant orange nasturtium flower with rounded petals and veined texture_ accompanied by one bud.webp,3.00,0.59,0.86,0.55,0.41,Dense bloom (59% bbox fill); Square shape (aspect 0.86); Top-heavy (center at 41%)
Three large_ open blooms show blue_ yellow_ and purple petals with veined details.webp,3.00,0.61,1.01,0.42,0.48,Dense bloom (61% bbox fill); Square shape (aspect 1.01); Medium transparency (42%)
This single light blue flower has many petals with edges like small wavesteeth.webp,3.00,0.50,0.89,0.60,0.41,Dense bloom (50% bbox fill); Square shape (aspect 0.89); Top-heavy (center at 41%)
This is a single purple iris with ruffled_ textured petals in overlapping_ complex arrangement.webp,3.00,0.62,0.97,0.43,0.49,Dense bloom (62% bbox fill); Square shape (aspect 0.97); Medium transparency (43%)
Two purple sweet pea flowers with delicate_ veined petals and ruffled edges.webp,3.00,0.54,0.84,0.62,0.41,Dense bloom (54% bbox fill); Square shape (aspect 0.84); Top-heavy (center at 41%)
The single cosmos bloom is pink fading to white_ with notched petals and yellow center.webp,3.00,0.52,0.93,0.64,0.41,Dense bloom (52% bbox fill); Square shape (aspect 0.93); Top-heavy (center at 41%)
White carnation with one bloom_ layered petals having a ruffled edge_ and intricate arrangement.webp,3.00,0.53,1.00,0.56,0.40,Dense bloom (53% bbox fill); Square shape (aspect 1.00); Top-heavy (center at 40%)
Two bell-shaped_ lavender-to-purple blooms with slightly ruffled edges grow on a leafy stem.webp,3.00,0.51,0.99,0.61,0.42,Dense bloom (51% bbox fill); Square shape (aspect 0.99); Top-heavy (center at 42%)
One petunia-like bloom_ with orange_ pink and purple hues and prominent veining in the petals.webp,3.00,0.56,0.90,0.53,0.41,Dense bloom (56% bbox fill); Square shape (aspect 0.90); Top-heavy (center at 41%)
Vibrant orange zinnia with many petals arranged concentrically around a textured central disc.webp,3.00,0.52,0.83,0.64,0.41,Dense bloom (52% bbox fill); Square shape (aspect 0.83); Top-heavy (center at 41%)
The single yellow sunflower has a dark center and pointed_ overlapping petals.webp,2.50,0.57,1.00,0.51,0.48,Dense bloom (57% bbox fill); Square shape (aspect 1.00)
Two golden-orange hibiscus-like flowers with rounded petals_ a smaller_ secondary bloom buds nearby.webp,2.50,0.54,0.96,0.59,0.49,Dense bloom (54% bbox fill); Square shape (aspect 0.96)
One yellow sunflower with pointed petals radiates from a brown center disk.webp,2.50,0.56,0.93,0.59,0.48,Dense bloom (56% bbox fill); Square shape (aspect 0.93)
The single bloom is a purple tulip with curved_ textured petals that overlap.webp,2.50,0.54,0.91,0.57,0.46,Dense bloom (54% bbox fill); Square shape (aspect 0.91)
Two yellow_ open-faced_ poppy-like flowers with delicate_ rounded petals and prominent brown stamens.webp,2.50,0.55,0.89,0.61,0.49,Dense bloom (55% bbox fill); Square shape (aspect 0.89)
The single rose bloom is pink_ with delicate_ softly folded petals_ dark stamen details.webp,2.50,0.65,0.92,0.47,0.47,Dense bloom (65% bbox fill); Square shape (aspect 0.92)
The sunflower has one bloom_ featuring yellow petals_ arranged around a circular center.webp,2.50,0.55,0.93,0.53,0.52,Dense bloom (55% bbox fill); Square shape (aspect 0.93)
Two ruffled_ yellow hibiscus blooms face forward_ with a partially formed bud nearby.webp,2.50,0.60,0.91,0.52,0.51,Dense bloom (60% bbox fill); Square shape (aspect 0.91)
Yellow poppy_ one bloom with gently ruffled petals and a prominent_ textured center.webp,2.50,0.52,0.97,0.59,0.44,Dense bloom (52% bbox fill); Square shape (aspect 0.97)
A single yellow sunflower with pointed petals arranged around a brown center.webp,2.50,0.59,0.94,0.57,0.50,Dense bloom (59% bbox fill); Square shape (aspect 0.94)
A single yellow sunflower with pointed petals radiates from a brown center disk.webp,2.50,0.55,0.96,0.62,0.49,Dense bloom (55% bbox fill); Square shape (aspect 0.96)
A single pink camellia flower features many softly layered petals and a golden center.webp,2.50,0.63,0.99,0.47,0.49,Dense bloom (63% bbox fill); Square shape (aspect 0.99)
A single_ bright yellow sunflower with pointed petals and a dark brown center.webp,2.50,0.54,1.05,0.63,0.49,Dense bloom (54% bbox fill); Square shape (aspect 1.05)
Single_ large yellow sunflower with pointed petals arranged around a brown center.webp,2.50,0.54,0.94,0.55,0.50,Dense bloom (54% bbox fill); Square shape (aspect 0.94)
There's one open light orange lily with speckled petals and an unfurled bud.webp,2.50,0.51,1.00,0.62,0.46,Dense bloom (51% bbox fill); Square shape (aspect 1.00)
Three yellow_ bell-shaped flowers bloom_ with ruffled edges and prominent vein-like details.webp,2.50,0.57,0.96,0.54,0.47,Dense bloom (57% bbox fill); Square shape (aspect 0.96)
Two large_ pink petunia blooms with delicate veining_ plus one bud_ on a shared stem.webp,2.50,0.55,0.96,0.57,0.49,Dense bloom (55% bbox fill); Square shape (aspect 0.96)
Violet-hued flower with layered_ rounded petals and organic vein details_ single bloom with simple stem.webp,2.50,0.62,0.97,0.50,0.48,Dense bloom (62% bbox fill); Square shape (aspect 0.97)
Two pansy blooms_ lavender and purple petals with ruffled edges.webp,2.50,0.62,0.94,0.51,0.44,Dense bloom (62% bbox fill); Square shape (aspect 0.94)
The yellow chrysanthemum has one full bloom_ densely packed with soft_ rounded petals.webp,2.50,0.59,0.98,0.47,0.47,Dense bloom (59% bbox fill); Square shape (aspect 0.98)
Bougainvillea with many pink blooms_ each with large_ papery_ pointed petals clustered together.webp,2.50,0.52,0.93,0.55,0.49,Dense bloom (52% bbox fill); Square shape (aspect 0.93)
Yellow poppy flower_ single bloom_ ruffled_ delicate petals surround a dark center.webp,2.50,0.62,0.91,0.56,0.45,Dense bloom (62% bbox fill); Square shape (aspect 0.91)
This bloom is an orange sunflower with a dark center and full petals.webp,2.50,0.58,0.91,0.56,0.47,Dense bloom (58% bbox fill); Square shape (aspect 0.91)
A single yellow sunflower with pointed petals and a textured brown center.webp,2.50,0.51,1.00,0.58,0.47,Dense bloom (51% bbox fill); Square shape (aspect 1.00)
A single orange poppy bloom with delicate_ ruffled petals and a prominent seed pod.webp,2.50,0.54,0.93,0.58,0.46,Dense bloom (54% bbox fill); Square shape (aspect 0.93)
The yellow rose showcases one bloom with tightly clustered_ frilled petals.webp,2.50,0.54,0.90,0.59,0.46,Dense bloom (54% bbox fill); Square shape (aspect 0.90)
Three yellow hibiscus flowers with softly ruffled petals face forward.webp,2.50,0.61,0.96,0.46,0.47,Dense bloom (61% bbox fill); Square shape (aspect 0.96)
This camellia bloom is pink and white with many tightly arranged_ overlapping petals.webp,2.50,0.60,0.96,0.54,0.45,Dense bloom (60% bbox fill); Square shape (aspect 0.96)
The single_ vibrant orange flower has numerous curved petals and a colorful center.webp,2.50,0.61,0.96,0.55,0.46,Dense bloom (61% bbox fill); Square shape (aspect 0.96)
Yellow chrysanthemum with many spoon-shaped petals on one large bloom_one closed bud shown.webp,2.50,0.52,0.85,0.59,0.45,Dense bloom (52% bbox fill); Square shape (aspect 0.85)
The simple_ single bloom is white with purple hues and notched petals.webp,2.50,0.52,1.10,0.61,0.43,Dense bloom (52% bbox fill); Square shape (aspect 1.10)
Two creamy white chrysanthemum blooms feature densely packed_ ruffled petals.webp,2.50,0.51,0.95,0.55,0.48,Dense bloom (51% bbox fill); Square shape (aspect 0.95)
Three rounded_ five-petal flowers_ colored yellow_ white-pink_ and light-pink bloom with subtle color gradients on petals.webp,2.50,0.58,1.01,0.56,0.48,Dense bloom (58% bbox fill); Square shape (aspect 1.01)
This single yellow marigold bloom features ruffled petals arranged densely around a textured center.webp,2.50,0.55,0.94,0.58,0.47,Dense bloom (55% bbox fill); Square shape (aspect 0.94)
Two nasturtium blooms_ orange with a yellow undertone_ rounded petals_ slightly ruffled edges.webp,2.50,0.63,0.93,0.49,0.47,Dense bloom (63% bbox fill); Square shape (aspect 0.93)
This is a single_ bright orange marigold bloom with ruffled petal arrangements.webp,2.50,0.56,0.90,0.60,0.48,Dense bloom (56% bbox fill); Square shape (aspect 0.90)
Two orange Nasturtium blossoms with rounded petals and visible veins are displayed.webp,2.50,0.61,0.83,0.58,0.51,Dense bloom (61% bbox fill); Square shape (aspect 0.83)
This singular orange marigold has densely layered petals and a dark center.webp,2.50,0.59,1.05,0.52,0.47,Dense bloom (59% bbox fill); Square shape (aspect 1.05)
A single_ orange marigold bloom with ruffled petals and a textured center.webp,2.50,0.52,0.89,0.62,0.46,Dense bloom (52% bbox fill); Square shape (aspect 0.89)
The single bloom is a light orange nasturtium with veiny_ round-edged petals.webp,2.50,0.65,0.92,0.52,0.51,Dense bloom (65% bbox fill); Square shape (aspect 0.92)
White waterlily blooms with rounded petals and a bright yellow center_ single bloom.webp,2.50,0.62,1.08,0.53,0.51,Dense bloom (62% bbox fill); Square shape (aspect 1.08)
White hydrangea features many small_ round-petal blooms arranged in a dense_ globe-like shape.webp,2.50,0.54,1.02,0.53,0.46,Dense bloom (54% bbox fill); Square shape (aspect 1.02)
This is a single_ creamy white rose with spiraling petals and a thorny stem.webp,2.50,0.58,0.97,0.57,0.47,Dense bloom (58% bbox fill); Square shape (aspect 0.97)
White hydrangea with many small blooms_ creating a sphere-like shape_ petals softly rounded.webp,2.50,0.56,1.05,0.51,0.46,Dense bloom (56% bbox fill); Square shape (aspect 1.05)
This daffodil has white petals surrounding an orange_ ruffled center_ one bloom on a stem.webp,2.50,0.60,0.91,0.58,0.49,Dense bloom (60% bbox fill); Square shape (aspect 0.91)
White_ single bloom_ large_ rounded petals arranged radially_ with pronounced veins and central yellow stamens.webp,2.50,0.60,1.08,0.52,0.53,Dense bloom (60% bbox fill); Square shape (aspect 1.08)
Watercolor style white bougainvillea with veined petals and subtle pink and blue hues on black..webp,2.50,0.54,1.05,0.58,0.53,Dense bloom (54% bbox fill); Square shape (aspect 1.05)
White_ single bloom_ dogwood-like flower. Petals are heart-shaped with a slightly pointed tip.webp,2.50,0.54,1.00,0.57,0.50,Dense bloom (54% bbox fill); Square shape (aspect 1.00)
White daffodil flower with yellow trumpet_ features six pointed petals_ one bloom.webp,2.50,0.57,0.97,0.51,0.47,Dense bloom (57% bbox fill); Square shape (aspect 0.97)
The single bloom of a daffodil is mostly white with a golden-tan trumpet.webp,2.50,0.52,0.90,0.58,0.46,Dense bloom (52% bbox fill); Square shape (aspect 0.90)
The white to pale yellow chrysanthemum has tightly packed_ curved petals in a spiral arrangement.webp,2.50,0.61,0.92,0.55,0.45,Dense bloom (61% bbox fill); Square shape (aspect 0.92)
The single_ slightly open tulip bloom is purple_ with layered and gracefully curved petals.webp,2.50,0.50,0.99,0.57,0.50,Dense bloom (50% bbox fill); Square shape (aspect 0.99)
The single tulip bloom is purple_ with cupped petals that overlap at the top.webp,2.50,0.51,0.83,0.63,0.48,Dense bloom (51% bbox fill); Square shape (aspect 0.83)
This single bloom is a peony-like flower with layered_ frilled blue and lavender petals.webp,2.50,0.61,0.93,0.46,0.45,Dense bloom (61% bbox fill); Square shape (aspect 0.93)
Several blue and purple Phalaenopsis orchid blooms with rounded petals are arranged on a branch.webp,2.50,0.59,0.91,0.53,0.44,Dense bloom (59% bbox fill); Square shape (aspect 0.91)
This hydrangea bloom features numerous petals in shades of blue_ purple_ and pink.webp,2.50,0.59,0.94,0.49,0.44,Dense bloom (59% bbox fill); Square shape (aspect 0.94)
Towering blue delphinium features large_ overlapping petals and prominent center_ with several blooms on a tall stem.webp,2.50,0.53,0.82,0.61,0.50,Dense bloom (53% bbox fill); Square shape (aspect 0.82)
Three purple bougainvillea blooms with leaf-like bracts show visible veining.webp,2.50,0.55,1.00,0.52,0.50,Dense bloom (55% bbox fill); Square shape (aspect 1.00)
The single bloom is blue with long_ wavy petals arranged in a spiral.webp,2.50,0.64,1.03,0.50,0.49,Dense bloom (64% bbox fill); Square shape (aspect 1.03)
The single flower bloom is blue and pink with veined_ uniquely shaped petals.webp,2.50,0.56,0.99,0.60,0.47,Dense bloom (56% bbox fill); Square shape (aspect 0.99)
Three blue_ five-petal flowers_ with two buds_ petals have prominent veins.webp,2.50,0.61,0.93,0.58,0.53,Dense bloom (61% bbox fill); Square shape (aspect 0.93)
The striking_ single_ blue trumpet-shaped flower exhibits delicate_ veined petals arranged in a swirling pattern.webp,2.50,0.61,0.89,0.55,0.48,Dense bloom (61% bbox fill); Square shape (aspect 0.89)
The single_ blue love-in-a-mist bloom displays veined petals and fine_ needle-like supporting bracts.webp,2.50,0.55,0.95,0.54,0.47,Dense bloom (55% bbox fill); Square shape (aspect 0.95)
Three purple_ trumpet-shaped petunia blooms with ruffled edges_ and prominent veins are shown.webp,2.50,0.62,0.98,0.48,0.51,Dense bloom (62% bbox fill); Square shape (aspect 0.98)
Two white Gardenias_ one bloomed open_ petals ruffled_ golden stamen contrasting.webp,2.50,0.50,1.02,0.54,0.49,Dense bloom (50% bbox fill); Square shape (aspect 1.02)
Two purple_ trumpet flowers and two in bud_ with deeply veined_ ruffled petals.webp,2.50,0.56,0.92,0.57,0.44,Dense bloom (56% bbox fill); Square shape (aspect 0.92)
The single blue flower has many slightly curved_ slender petals in a radial arrangement.webp,2.50,0.62,1.02,0.54,0.47,Dense bloom (62% bbox fill); Square shape (aspect 1.02)
This flower is a solitary pansy_ with purple_ pink_ and orange petals.webp,2.50,0.60,0.88,0.51,0.45,Dense bloom (60% bbox fill); Square shape (aspect 0.88)
Wisteria-like flowers in shades of purple_ cascading blooms with rounded_ ruffled petals.webp,2.50,0.52,0.95,0.60,0.45,Dense bloom (52% bbox fill); Square shape (aspect 0.95)
This is one purple crocus bloom with six petals_ showcasing prominent orange stigmastamens.webp,2.50,0.52,0.94,0.60,0.42,Dense bloom (52% bbox fill); Square shape (aspect 0.94)
The singular_ light-blue columbine exhibits curved petal spurs and copious yellow stamen.webp,2.50,0.53,1.02,0.54,0.45,Dense bloom (53% bbox fill); Square shape (aspect 1.02)
This is a solitary columbine flower_ with layers of purple and blue petals.webp,2.50,0.55,1.03,0.54,0.46,Dense bloom (55% bbox fill); Square shape (aspect 1.03)
This single flower has ruffled_ overlapping petals in shades of blue and lavender.webp,2.50,0.60,0.90,0.54,0.47,Dense bloom (60% bbox fill); Square shape (aspect 0.90)
Three purple sweet pea flowers show delicate veining and ruffled petal edges.webp,2.50,0.55,0.98,0.50,0.45,Dense bloom (55% bbox fill); Square shape (aspect 0.98)
Trumpet-shaped flower_ light purple_ one open bloom and one closed bud_ with veined petals.webp,2.50,0.53,0.88,0.63,0.46,Dense bloom (53% bbox fill); Square shape (aspect 0.88)
One light blue morning glory bloom with delicate_ translucent_ funnel-shaped petals and prominent veins.webp,2.50,0.51,1.03,0.61,0.48,Dense bloom (51% bbox fill); Square shape (aspect 1.03)
The roses are pink and peach colored_ with layered_ ruffled petals_ and abundant blooms.webp,2.50,0.57,1.03,0.54,0.52,Dense bloom (57% bbox fill); Square shape (aspect 1.03)
A single_ orange lily flower with ruffled petals and prominent stamens.webp,2.50,0.62,0.96,0.61,0.49,Dense bloom (62% bbox fill); Square shape (aspect 0.96)
This salmon pink camellia flower has many rounded petals arranged in a concentric pattern.webp,2.50,0.63,1.04,0.53,0.47,Dense bloom (63% bbox fill); Square shape (aspect 1.04)
A peach-colored dahlia with many layers of petals formed in a rounded_ layered head.webp,2.50,0.52,0.90,0.59,0.44,Dense bloom (52% bbox fill); Square shape (aspect 0.90)
The single hibiscus bloom is peachy-pink_ with delicate petal veining and prominent stamens.webp,2.50,0.59,1.01,0.50,0.47,Dense bloom (59% bbox fill); Square shape (aspect 1.01)
The pink poppy-like flower has translucent_ veined petals that seem fragile_ solitary bloom.webp,2.50,0.56,1.01,0.52,0.48,Dense bloom (56% bbox fill); Square shape (aspect 1.01)
This striking rose has pink_ tightly spiraled petals with ruffled edges in a single bloom.webp,2.50,0.52,0.86,0.58,0.44,Dense bloom (52% bbox fill); Square shape (aspect 0.86)
Two pink hibiscus-like blooms with inward-curving petals and prominent reddish centers.webp,2.50,0.54,0.87,0.60,0.47,Dense bloom (54% bbox fill); Square shape (aspect 0.87)
This is a single peach-colored gerbera daisy with many thin petals and green stem.webp,2.50,0.54,0.92,0.54,0.46,Dense bloom (54% bbox fill); Square shape (aspect 0.92)
Two peach colored roses with unique stamen arrangement and slightly ruffled petals.webp,2.50,0.53,0.96,0.56,0.48,Dense bloom (53% bbox fill); Square shape (aspect 0.96)
Two light pink rose blooms_ cupped petals_ and prominent central stamen structures.webp,2.50,0.62,0.92,0.50,0.45,Dense bloom (62% bbox fill); Square shape (aspect 0.92)
This pink rose has delicate_ slightly ruffled petals and a bright golden center. Small buds accompany it.webp,2.50,0.62,1.01,0.48,0.47,Dense bloom (62% bbox fill); Square shape (aspect 1.01)
Single pink carnation bloom_ many ruffled petals_ layered_ and delicate textures.webp,2.50,0.63,0.97,0.51,0.45,Dense bloom (63% bbox fill); Square shape (aspect 0.97)
Two orange hibiscus-like blooms_ the petals are delicately veined and have a simple_ rounded shape.webp,2.50,0.59,1.00,0.51,0.49,Dense bloom (59% bbox fill); Square shape (aspect 1.00)
This orange hibiscus-like flower has two buds and distinctive veined petals arranged in a radial pattern.webp,2.50,0.63,0.97,0.46,0.46,Dense bloom (63% bbox fill); Square shape (aspect 0.97)
The single rose bloom is a soft pink with ruffled_ veined petals.webp,2.50,0.52,0.87,0.60,0.43,Dense bloom (52% bbox fill); Square shape (aspect 0.87)
Single_ large_ red hibiscus flower with ruffled petals and prominent yellow stamen.webp,2.50,0.65,1.00,0.50,0.46,Dense bloom (65% bbox fill); Square shape (aspect 1.00)
These are pale pink cherry blossoms with rounded petals and reddish buds. Many blooms on a stem.webp,2.50,0.50,1.08,0.63,0.51,Dense bloom (50% bbox fill); Square shape (aspect 1.08)
Three peach colored bell-shaped flowers with large_ hanging petals and closed buds.webp,2.50,0.50,1.03,0.57,0.52,Dense bloom (50% bbox fill); Square shape (aspect 1.03)
This flower_ possibly a geranium_ has reddish-pink petals_ five blooms and distinctive veining.webp,2.50,0.52,0.91,0.57,0.43,Dense bloom (52% bbox fill); Square shape (aspect 0.91)
This single marigold bloom is dark orange with frilled petals around a golden center.webp,2.50,0.53,0.97,0.53,0.42,Dense bloom (53% bbox fill); Square shape (aspect 0.97)
White chrysanthemum-like flower with many petals_ center is green. Single bloom.webp,2.50,0.62,0.98,0.46,0.46,Dense bloom (62% bbox fill); Square shape (aspect 0.98)
The single Protea bloom has pink-tipped petals radiating around a cone-shaped_ striated center.webp,2.50,0.52,0.81,0.64,0.46,Dense bloom (52% bbox fill); Square shape (aspect 0.81)
The single Zinnia bloom features layered_ rounded_ red colored petals and a yellow center.webp,2.50,0.52,0.95,0.55,0.42,Dense bloom (52% bbox fill); Square shape (aspect 0.95)
A single coneflower with drooping pink petals and a spiky_ orange-brown central cone.webp,2.50,0.51,0.97,0.58,0.47,Dense bloom (51% bbox fill); Square shape (aspect 0.97)
Three coral-colored geranium flowers with softly rounded petals and visible veining.webp,2.50,0.58,0.92,0.52,0.48,Dense bloom (58% bbox fill); Square shape (aspect 0.92)
The single chrysanthemum bloom is lavender and white_ with many slender_ delicate petals.webp,2.50,0.54,0.95,0.55,0.46,Dense bloom (54% bbox fill); Square shape (aspect 0.95)
This single chrysanthemum bloom displays soft_ curled petals in peach_ pink_ and blue hues.webp,2.50,0.56,0.95,0.55,0.44,Dense bloom (56% bbox fill); Square shape (aspect 0.95)
The single protea flower is pink with white interior_ petals are layered and pointed.webp,2.50,0.55,1.01,0.58,0.47,Dense bloom (55% bbox fill); Square shape (aspect 1.01)
The single chrysanthemum bloom displays peach-colored petals_ tightly packed and curving dramatically.webp,2.50,0.50,0.98,0.60,0.43,Dense bloom (50% bbox fill); Square shape (aspect 0.98)
Watercolor bougainvillea illustration with translucent pink and purple bracts_ intricate vein details_ on a black background..webp,2.50,0.51,1.00,0.54,0.48,Dense bloom (51% bbox fill); Square shape (aspect 1.00)
Three peach-colored geraniums with deeply veined_ rounded petals. Petals are irregularly shaped.webp,2.50,0.56,0.93,0.52,0.47,Dense bloom (56% bbox fill); Square shape (aspect 0.93)
This is a single water lily bloom with blue-tipped petals and a prominent yellow center.webp,2.00,0.52,0.92,0.68,0.48,Dense bloom (52% bbox fill); Square shape (aspect 0.92); High transparency (good)
Pink hydrangea with numerous_ small_ rounded petals closely packed to form a rounded head.webp,2.00,0.50,0.92,0.60,0.41,Square shape (aspect 0.92); Top-heavy (center at 41%)
These are pink cyclamen flowers with curved_ reflexed petals and dark centers_ multiple blooms.webp,2.00,0.51,0.85,0.69,0.49,Dense bloom (51% bbox fill); Square shape (aspect 0.85); High transparency (good)
Yellow rose with overlapping petals and one bud_ petals have subtle coloration.webp,2.00,0.50,0.92,0.66,0.48,Dense bloom (50% bbox fill); Square shape (aspect 0.92); High transparency (good)
The single bloom vibrant orange hibiscus-like flower possesses five distinct_ soft textured_ semi-translucent petals.webp,2.00,0.49,0.96,0.55,0.37,Square shape (aspect 0.96); Top-heavy (center at 37%)
Two daffodils_ one white with yellow cup_ the other solid yellow_ trumpet-shaped coronas.webp,2.00,0.44,1.00,0.64,0.40,Square shape (aspect 1.00); Top-heavy (center at 40%)
This hydrangea boasts large grouping of blue-purple blooms with delicate_ rounded petals.webp,2.00,0.46,0.92,0.65,0.40,Square shape (aspect 0.92); Top-heavy (center at 40%)
This is a purple_ single bloom of a Sweet Pea type flower_ delicate and veined.webp,2.00,0.52,0.89,0.69,0.43,Dense bloom (52% bbox fill); Square shape (aspect 0.89); High transparency (good)
The single_ purple flower has five rounded petals and prominent yellow stamen.webp,2.00,0.49,0.94,0.60,0.41,Square shape (aspect 0.94); Top-heavy (center at 41%)
Blue periwinkle with five overlapping petals and veined texture_ one bloom and bud.webp,2.00,0.50,1.00,0.67,0.47,Dense bloom (50% bbox fill); Square shape (aspect 1.00); High transparency (good)
The single gazania-like bloom displays layered_ pointed orange petals around a dark center.webp,2.00,0.48,0.92,0.61,0.42,Square shape (aspect 0.92); Top-heavy (center at 42%)
The single cosmos bloom shows lavender petals radially arranged around a golden center.webp,1.50,0.47,0.91,0.63,0.42,Square shape (aspect 0.91)
Yellow poppy_ one bloom with ruffled petals_ and a green seed pod.webp,1.50,0.44,0.83,0.69,0.40,Square shape (aspect 0.83); Top-heavy (center at 40%); High transparency (good)
Single yellow sunflower with pointed petals surrounds a textured brown center.webp,1.50,0.50,0.99,0.60,0.46,Square shape (aspect 0.99)
Three lily blooms_ speckled pink and purple petals_ curled edges_ many stamens.webp,1.50,0.49,1.00,0.56,0.49,Square shape (aspect 1.00)
This is a single_ large_ lilac cosmos flower with a yellow center and wavy petals.webp,1.50,0.49,0.86,0.70,0.40,Square shape (aspect 0.86); Top-heavy (center at 40%); High transparency (good)
This is a single stem of light purple Phlox_ with one open bloom and buds.webp,1.50,0.37,0.95,0.74,0.39,Square shape (aspect 0.95); Top-heavy (center at 39%); High transparency (good)
Two pale pink Phlox blooms with rounded petals top a leafy stem.webp,1.50,0.39,0.91,0.73,0.39,Square shape (aspect 0.91); Top-heavy (center at 39%); High transparency (good)
These are pansies_ with 4-5 blooms_ featuring purple_ yellow and gold tones on broad petals.webp,1.50,0.47,0.84,0.63,0.44,Square shape (aspect 0.84)
This bougainvillea shows several fuchsia-colored blooms with papery petal-like bracts and prominent veins.webp,1.50,0.48,1.01,0.57,0.47,Square shape (aspect 1.01)
There is one lavender-blue flower with five large petals and detailed veining.webp,1.50,0.27,0.89,0.79,0.36,Square shape (aspect 0.89); Top-heavy (center at 36%); High transparency (good)
Two large_ open petunia-like blooms show soft purple-pink hues and delicate veining.webp,1.50,0.40,0.84,0.71,0.41,Square shape (aspect 0.84); Top-heavy (center at 41%); High transparency (good)
This is a single_ purple-ish Coneflower bloom_ with drooping petals and a spiky central cone.webp,1.50,0.45,1.04,0.66,0.41,Square shape (aspect 1.04); Top-heavy (center at 41%); High transparency (good)
A single echinacea blooms pink with long_ drooping petals surrounding a cone-like_ orange-brown center.webp,1.50,0.47,0.96,0.59,0.47,Square shape (aspect 0.96)
Pink celosia with many feathery_ pointed petals densely packed in a single large plume.webp,1.50,0.39,0.98,0.63,0.50,Square shape (aspect 0.98)
It's a cluster of lavender gladiolus-like flowers_ some blooming_ with prominent veined petals.webp,1.50,0.43,1.02,0.63,0.46,Square shape (aspect 1.02)
The single bloom has layered_ rounded petals with variegated pink_ orange_ and green hues.webp,1.50,0.35,0.93,0.71,0.38,Square shape (aspect 0.93); Top-heavy (center at 38%); High transparency (good)
Violet-purple pansy_ one open bloom with rounded petals and one closed bud.webp,1.50,0.26,0.93,0.81,0.38,Square shape (aspect 0.93); Top-heavy (center at 38%); High transparency (good)
This is a Petunia flower with two blooms_ its petals are pink and purple.webp,1.50,0.48,0.92,0.61,0.45,Square shape (aspect 0.92)
Two lightly textured_ pinkish-purple petunia blooms_ one open and one furled_ showing veined petals.webp,1.50,0.38,0.96,0.69,0.34,Square shape (aspect 0.96); Top-heavy (center at 34%); High transparency (good)
There are two blooms_ one daisy-like_ purple hue_ many lance-shaped petals.webp,1.50,0.43,0.88,0.72,0.39,Square shape (aspect 0.88); Top-heavy (center at 39%); High transparency (good)
The solitary_ orange hibiscus bloom features veined petals and a prominent_ colorful stamen.webp,1.50,0.45,0.82,0.72,0.38,Square shape (aspect 0.82); Top-heavy (center at 38%); High transparency (good)
Three off-white magnolia blooms with large_ cupped petals arranged in a spiral form.webp,1.50,0.49,0.80,0.61,0.47,Square shape (aspect 0.80)
Tiger Lily with ruffled_ veined petals in orange and yellow_ several unopened blooms.webp,1.50,0.32,0.84,0.79,0.40,Square shape (aspect 0.84); Top-heavy (center at 40%); High transparency (good)
Yellow rose with one bloom and a bud_ many petals forming a classic shape.webp,1.50,0.45,1.02,0.62,0.46,Square shape (aspect 1.02)
The single cosmos bloom displays varied pink-yellow petals with distinct striations and a delicate_ rippled edges.webp,1.50,0.40,0.90,0.71,0.41,Square shape (aspect 0.90); Top-heavy (center at 41%); High transparency (good)
White lily.webp,1.50,0.45,0.99,0.63,0.55,Square shape (aspect 0.99)
Two white_ bell-shaped snowdrop blossoms with long_ pointed petals hang down from a single stem.webp,1.50,0.18,0.81,0.90,0.40,Square shape (aspect 0.81); Top-heavy (center at 40%); High transparency (good)
Two lantern-like orange blossoms_ delicate veined petals overlapping in a bell shape.webp,1.50,0.49,0.97,0.58,0.53,Square shape (aspect 0.97)
This orange flower has one bloom with slender petals arranged densely.webp,1.50,0.43,0.86,0.68,0.39,Square shape (aspect 0.86); Top-heavy (center at 39%); High transparency (good)
Translucent orange blossoms with visible veins_ wide petals_ stamens cluster in the center_ one bloom shown.webp,1.50,0.44,0.96,0.61,0.48,Square shape (aspect 0.96)
This single_ thistle-like bloom has spiky orange petals arranged in a circular fashion.webp,1.50,0.32,0.89,0.73,0.39,Square shape (aspect 0.89); Top-heavy (center at 39%); High transparency (good)
White cherry-type blossoms and unopened buds grow on twig_ flowers have five rounded petals.webp,1.50,0.35,0.92,0.77,0.42,Square shape (aspect 0.92); Top-heavy (center at 42%); High transparency (good)
The single marigold bloom is orange_ with many ruffled petals surrounding a dense center.webp,1.50,0.44,0.94,0.71,0.42,Square shape (aspect 0.94); Top-heavy (center at 42%); High transparency (good)
The single zinnia flower has orange petals with a rounded shape surrounding a brown center.webp,1.50,0.46,0.95,0.62,0.43,Square shape (aspect 0.95)
This marigold exhibits a single_ layered_ orange bloom with ruffled petals.webp,1.50,0.36,0.88,0.72,0.40,Square shape (aspect 0.88); Top-heavy (center at 40%); High transparency (good)
White magnolia in full bloom_ with broad petals and a distinctive central cone.webp,1.50,0.47,0.87,0.63,0.45,Square shape (aspect 0.87)
There are two poppy-like blooms one bud_ one bloom. The bloom has large_ frilled_ creamy-yellow petals and faint lavender coloring.webp,1.50,0.41,0.88,0.69,0.42,Square shape (aspect 0.88); Top-heavy (center at 42%); High transparency (good)
Three chartreuse-green_ cup-shaped hellebore blooms with maroon centers_ layered petals branching from a stem.webp,1.50,0.42,0.97,0.64,0.43,Square shape (aspect 0.97)
Two honeysuckle-like blooms_ cream colored petals_ prominent orange stamens_ and simple_ elegant petal arrangement.webp,1.50,0.47,1.04,0.63,0.47,Square shape (aspect 1.04)
White_ one blooming iris with ruffled petals and smaller green buds.webp,1.50,0.49,1.02,0.61,0.48,Square shape (aspect 1.02)
The single_ pale white-pink flower has five petals and a dark purple center.webp,1.50,0.48,0.98,0.65,0.49,Square shape (aspect 0.98)
White snowdrop-like flower dangles_ single bloom_ with golden interior drops and folded_ curving petals.webp,1.50,0.29,0.81,0.84,0.41,Square shape (aspect 0.81); Top-heavy (center at 41%); High transparency (good)
White Honeysuckle-like flower with long_ spindly filaments. One bloom with distinctive petal shape.webp,1.50,0.32,0.85,0.79,0.42,Square shape (aspect 0.85); Top-heavy (center at 42%); High transparency (good)
This hydrangea blooms with numerous blue and pink_ overlapping petals in a rounded cluster.webp,1.50,0.50,0.94,0.66,0.41,Square shape (aspect 0.94); Top-heavy (center at 41%); High transparency (good)
Violet carnation-like blooms_ plus buds_ with layered_ fringed petals_ stems emerge from central base.webp,1.50,0.25,0.96,0.80,0.35,Square shape (aspect 0.96); Top-heavy (center at 35%); High transparency (good)
Two anemone-type flowers_ one open purplish-pink bloom_ one bud_ paper-thin petals.webp,1.50,0.20,0.84,0.86,0.32,Square shape (aspect 0.84); Top-heavy (center at 32%); High transparency (good)
This is a single tiger lily bloom_ featuring pink_ orange_ and blue speckled petals.webp,1.50,0.46,0.99,0.60,0.49,Square shape (aspect 0.99)
Three bluepurple orchids_ with soft petals and unique interior structures. One bloom is still a bud.webp,1.50,0.45,0.90,0.64,0.43,Square shape (aspect 0.90)
This is a single_ bell-shaped blue flower with delicate_ translucent petals.webp,1.50,0.48,1.05,0.65,0.53,Square shape (aspect 1.05)
Branching blue flowers_ five petals each_ with a golden center_ and multiple unopened buds.webp,1.50,0.44,0.95,0.65,0.46,Square shape (aspect 0.95)
There are three bell-shaped purple blooms with curled petal edges and a dangling stamen.webp,1.50,0.48,0.89,0.64,0.52,Square shape (aspect 0.89)
This is a single_ violet-hued crocus flower with softly curved petals and an orange center.webp,1.50,0.49,0.88,0.68,0.40,Square shape (aspect 0.88); Top-heavy (center at 40%); High transparency (good)
Two blue-violet blooms_ resembling delphinium_ feature translucent petals with prominent veins.webp,1.50,0.44,0.93,0.60,0.51,Square shape (aspect 0.93)
Cluster of purple bougainvillea_ many paper-like bracts_ unique veining texture and pointed petal tips are present.webp,1.50,0.47,1.03,0.59,0.50,Square shape (aspect 1.03)
There is one large light purple flower and two purple closed buds with five petals.webp,1.50,0.47,0.98,0.62,0.44,Square shape (aspect 0.98)
Two purple crocus blooms display veined petals and bright orange stamen.webp,1.50,0.42,1.00,0.60,0.43,Square shape (aspect 1.00)
This blue cornflower has one large bloom with fringed petals alongside two buds.webp,1.50,0.40,0.89,0.68,0.40,Square shape (aspect 0.89); Top-heavy (center at 40%); High transparency (good)
Two blue_ rounded-petal flowers with yellow centers bloom. Both feature five petals.webp,1.50,0.35,0.85,0.84,0.41,Square shape (aspect 0.85); Top-heavy (center at 41%); High transparency (good)
There are two bluebell-type flowers_ one open in a bell shape_ one a bud.webp,1.50,0.24,0.82,0.85,0.35,Square shape (aspect 0.82); Top-heavy (center at 35%); High transparency (good)
Verbena flower with abundant_ lilac petals and a small white center clustered densely.webp,1.50,0.43,0.82,0.72,0.40,Square shape (aspect 0.82); Top-heavy (center at 40%); High transparency (good)
The single white daffodil bloom features frilled_ yellow-tinged central cup and pointed_ slightly overlapping petals.webp,1.50,0.50,1.00,0.53,0.47,Square shape (aspect 1.00)
The purple allium-type flower has many round blooms_ densely arranged in a spherical shape.webp,1.50,0.46,0.92,0.65,0.44,Square shape (aspect 0.92)
Wisteria-like_ many showy_ layered blooms in shades of lilac and purple_ rounded petals.webp,1.50,0.41,0.88,0.65,0.40,Square shape (aspect 0.88); Top-heavy (center at 40%); High transparency (good)
Watercolor blue delphinium flower with distinct lines on its petals against a black background..webp,1.50,0.48,0.90,0.61,0.50,Square shape (aspect 0.90)
Two blue Nigella flowers_ the primary bloom features numerous filaments and delicate_ intricately veined petals.webp,1.50,0.47,1.03,0.60,0.45,Square shape (aspect 1.03)
This purple flowering plant has around four blooms with distinct vein-like patterns on petals.webp,1.50,0.45,0.96,0.60,0.46,Square shape (aspect 0.96)
Trumpet-shaped light blue flower with a few unopened blooms and pointed petals.webp,1.50,0.29,0.86,0.78,0.34,Square shape (aspect 0.86); Top-heavy (center at 34%); High transparency (good)
This single purple flower displays prominent stamen and delicate_ overlapping petals.webp,1.50,0.46,0.90,0.64,0.51,Square shape (aspect 0.90)
One orange tulip bloom with layered_ ruffled petals and green leaves.webp,1.50,0.42,0.81,0.66,0.38,Square shape (aspect 0.81); Top-heavy (center at 38%); High transparency (good)
This pink hydrangea presents many blooms with rounded_ veined petals densely grouped.webp,1.50,0.50,0.90,0.64,0.43,Square shape (aspect 0.90)
Two rose blooms_ one peach-colored_ with many rounded petals_ revealing dark center.webp,1.50,0.48,0.95,0.62,0.43,Square shape (aspect 0.95)
A solitary_ pale pink rose with delicate petals and prominent central stamen cluster.webp,1.50,0.38,0.91,0.70,0.41,Square shape (aspect 0.91); Top-heavy (center at 41%); High transparency (good)
Wild rose_ two blooms_ delicate pink petals_ prominent stamen center_ simple arrangement.webp,1.50,0.49,0.97,0.60,0.46,Square shape (aspect 0.97)
A single coral rose bloom with layered_ slightly ruffled petals and visible center.webp,1.50,0.48,1.02,0.62,0.45,Square shape (aspect 1.02)
Tiger Lily. Roughly six orange petals. Additional unopened buds on the stem.webp,1.50,0.34,0.86,0.72,0.38,Square shape (aspect 0.86); Top-heavy (center at 38%); High transparency (good)
A single_ light pink rose blossom with tightly-layered petals and a budding flower.webp,1.50,0.45,0.99,0.64,0.46,Square shape (aspect 0.99)
This single_ orange lily features large_ recurved petals and closed bud_ with prominent stamens.webp,1.50,0.30,0.95,0.76,0.38,Square shape (aspect 0.95); Top-heavy (center at 38%); High transparency (good)
The rose-like flower has large_ frilly petals_ with colors ranging from orange to pink. One bloom and a closed bud.webp,1.50,0.34,0.89,0.74,0.38,Square shape (aspect 0.89); Top-heavy (center at 38%); High transparency (good)
This is a bougainvillea_ many orange_ papery petal-like bracts surround tiny flowers on dark stems.webp,1.50,0.49,1.00,0.62,0.49,Square shape (aspect 1.00)
There are four pink bell-shaped flowers with hanging stamens on a stem.webp,1.50,0.45,0.85,0.64,0.47,Square shape (aspect 0.85)
Two pink_ translucent blooms with simple_ elongated petals that form a cup-like shape.webp,1.50,0.46,0.89,0.61,0.43,Square shape (aspect 0.89)
The single bloom is orange-red with clustered stamens and curved_ veined petals.webp,1.50,0.48,1.01,0.64,0.56,Square shape (aspect 1.01)
Three celosia blooms_ colors ranging from red to orange to pink_ with feathery texture.webp,1.50,0.46,0.91,0.61,0.50,Square shape (aspect 0.91)
Two pink petunia-like flowers with veined petals and a tightly closed bud.webp,1.50,0.41,0.97,0.71,0.39,Square shape (aspect 0.97); Top-heavy (center at 39%); High transparency (good)
The single salmon-colored azalea bloom displays delicate_ veined petals and a long stamen.webp,1.50,0.16,0.85,0.89,0.34,Square shape (aspect 0.85); Top-heavy (center at 34%); High transparency (good)
Zinnia-like flower_ one bloom_ with orange_ rounded petals and a cluster of yellow florets.webp,1.50,0.47,0.90,0.64,0.43,Square shape (aspect 0.90)
This Gaillardia presents two orange-red blooms_ one is fully open with ruffled petals and the other is still budding.webp,1.50,0.37,0.88,0.72,0.38,Square shape (aspect 0.88); Top-heavy (center at 38%); High transparency (good)
This orange marigold has one bloom with ruffled_ layered petals and golden center.webp,1.50,0.48,0.91,0.61,0.43,Square shape (aspect 0.91)
Trumpet-shaped_ the flower is apricot-colored_ solo bloom_ petals slightly ruffled_ one spiraling down.webp,1.50,0.48,0.96,0.57,0.43,Square shape (aspect 0.96)
White Daisy.webp,1.50,0.40,0.89,0.71,0.40,Square shape (aspect 0.89); Top-heavy (center at 40%); High transparency (good)
This Amaryllis has one fully open_ large coral bloom_ several closed buds_ and delicate petal venation.webp,1.50,0.47,0.95,0.59,0.47,Square shape (aspect 0.95)
This flower has one bloom_ pale pink color_ and petals with translucent_ veined texture.webp,1.50,0.23,0.88,0.85,0.34,Square shape (aspect 0.88); Top-heavy (center at 34%); High transparency (good)
Two full_ frilly orange trumpet flowers with extended stamens and veined petals.webp,1.50,0.44,1.03,0.65,0.48,Square shape (aspect 1.03)
Single pink periwinkle flower with five rounded petals and a yellow center.webp,1.50,0.47,1.01,0.61,0.49,Square shape (aspect 1.01)
Three orange Canna blooms are displayed_ featuring elegant_ curled petals and prominent stamens.webp,1.50,0.45,0.93,0.62,0.46,Square shape (aspect 0.93)
There are two nasturtium flowers_ salmon color_ veined petals_ only one in full bloom.webp,1.50,0.48,0.94,0.58,0.45,Square shape (aspect 0.94)
Solitary coneflower with down-turned pink petals and a prominent_ textured orange center cone.webp,1.50,0.45,0.97,0.62,0.46,Square shape (aspect 0.97)
The single orange Zinnia bloom has rounded petals_ densely layered_ intricate center is dark.webp,1.50,0.48,0.99,0.60,0.45,Square shape (aspect 0.99)
The solitary pink flower has large_ delicate petals that form a cup-like shape.webp,1.50,0.29,0.81,0.81,0.41,Square shape (aspect 0.81); Top-heavy (center at 41%); High transparency (good)
Umbels of small_ peach-toned flowers with five petals clustered together_ creating a dense bloom.webp,1.50,0.33,0.86,0.78,0.35,Square shape (aspect 0.86); Top-heavy (center at 35%); High transparency (good)
A single yellow sunflower with pointed petals arranged around a dark center.webp,1.00,0.39,0.85,0.70,0.49,Square shape (aspect 0.85); High transparency (good)
This is a single_ pink cosmos-type flower with many petals and a yellow center.webp,1.00,0.49,0.86,0.73,0.43,Square shape (aspect 0.86); High transparency (good)
A single yellow sunflower with pointed petals arranged around a dark brown center.webp,1.00,0.49,0.98,0.66,0.46,Square shape (aspect 0.98); High transparency (good)
This plant features multiple bell-shaped_ upward-facing flowers_ varying from light pink to deeper purple hues.webp,1.00,0.31,0.93,0.75,0.51,Square shape (aspect 0.93); High transparency (good)
Yellow_ five-petaled flowers clustered along a branch_ petals are trumpet-shaped and slightly wrinkled.webp,1.00,0.35,0.99,0.65,0.49,Square shape (aspect 0.99); High transparency (good)
Yellow rhododendron-type flowers on a branch_ multiple blooms with wide_ slightly ruffled petals.webp,1.00,0.35,0.81,0.74,0.50,Square shape (aspect 0.81); High transparency (good)
Towering purple foxglove displays numerous bell-shaped blooms with speckled throats_ arranged sequentially up a strong stem.webp,1.00,0.32,0.89,0.73,0.46,Square shape (aspect 0.89); High transparency (good)
This is a holly plant_ the green leaves have pointed edges and clustered red berries.webp,1.00,0.38,0.96,0.78,0.45,Square shape (aspect 0.96); High transparency (good)
One lavender petunia bloom_ with a slightly ruffled edge and prominent veins.webp,1.00,0.46,0.90,0.74,0.43,Square shape (aspect 0.90); High transparency (good)
Whiteyellow Petunia-like flowers with ruffled edges_ multiple blooms presented in a staggered arrangement.webp,1.00,0.41,0.95,0.66,0.45,Square shape (aspect 0.95); High transparency (good)
A single yellow daffodil bloom features a frilled trumpet and pointed petals.webp,1.00,0.43,0.86,0.69,0.47,Square shape (aspect 0.86); High transparency (good)
This large_ clustered flower has pink and red blooms with frilled and layered petals.webp,1.00,0.51,0.70,0.68,0.41,Dense bloom (51% bbox fill); Top-heavy (center at 41%); High transparency (good)
White holly-like flower with many small red berry-like blooms. Spiky green leaves.webp,1.00,0.34,1.00,0.78,0.42,Square shape (aspect 1.00); High transparency (good)
Two bright yellow Forsythia blooms with four petals_ plus unopened buds_ on a twig.webp,1.00,0.36,0.97,0.72,0.47,Square shape (aspect 0.97); High transparency (good)
The single lilac flower has five rounded petals arranged like a pinwheel.webp,1.00,0.46,0.86,0.73,0.46,Square shape (aspect 0.86); High transparency (good)
Single red hibiscus bloom with ruffled petals and prominent stamen.webp,1.00,0.33,0.95,0.73,0.49,Square shape (aspect 0.95); High transparency (good)
This is a single water lily bloom_ creamy-white petals_ pointed tips_ and reddish-orange center.webp,1.00,0.48,0.89,0.74,0.44,Square shape (aspect 0.89); High transparency (good)
This sunflower has a single yellow bloom with many pointed petals radiating from its dark center.webp,1.00,0.46,0.99,0.65,0.49,Square shape (aspect 0.99); High transparency (good)
The sunny sunflower features golden-yellow petals in a radial arrangement around a dark center.webp,1.00,0.39,0.91,0.71,0.45,Square shape (aspect 0.91); High transparency (good)
Vibrant orange tulip with a single bloom_ petals widely unfurled and irregularly edged.webp,1.00,0.36,0.83,0.73,0.43,Square shape (aspect 0.83); High transparency (good)
Tiger lily with one bloom_ orange petals speckled with black_ recurved petal shape.webp,1.00,0.35,0.90,0.73,0.48,Square shape (aspect 0.90); High transparency (good)
Yellow flowers arranged densely on stems_ with ragged-edged petals in multiple blooming stalks.webp,1.00,0.42,0.81,0.70,0.52,Square shape (aspect 0.81); High transparency (good)
Twig-like stem bearing many small_ pale purple flowers with hooded-like petal arrangement among green leaves.webp,1.00,0.12,0.90,0.90,0.48,Square shape (aspect 0.90); High transparency (good)
This image shows a stem of nasturtium flowers with rounded_ overlapping_ bright orange petals. There are three blooms and two buds.webp,1.00,0.46,0.91,0.65,0.48,Square shape (aspect 0.91); High transparency (good)
This daffodil has two blooms in yellow and white colors with ruffled trumpet center.webp,1.00,0.42,0.90,0.71,0.44,Square shape (aspect 0.90); High transparency (good)
Two orange amaryllis blooms with veined petals_ plus two closed buds.webp,1.00,0.42,0.85,0.67,0.43,Square shape (aspect 0.85); High transparency (good)
Yellow daisy-like flower with one bloom_ lanceolate petals_ and a dark textured center.webp,1.00,0.43,0.88,0.66,0.45,Square shape (aspect 0.88); High transparency (good)
This flower is a single_ large_ orange bloom with a dense_ textured central disc.webp,1.00,0.41,0.99,0.65,0.46,Square shape (aspect 0.99); High transparency (good)
The red Poinsettia has multiple_ pointed petals surrounding a central_ green cluster. It has one bloom.webp,1.00,0.48,1.06,0.69,0.48,Square shape (aspect 1.06); High transparency (good)
The single chrysanthemum bloom is tan-peach and has sharply curved_ abundant petals.webp,1.00,0.36,0.86,0.78,0.43,Square shape (aspect 0.86); High transparency (good)
Three orange rhododendron-like blooms with prominent stamens and ruffled petal edges.webp,1.00,0.39,1.07,0.68,0.46,Square shape (aspect 1.07); High transparency (good)
This flower has clustered_ warm orange blooms_ upward- facing petals_ and abundant buds.webp,1.00,0.31,1.00,0.75,0.47,Square shape (aspect 1.00); High transparency (good)
Umbrella flower features plentiful orange and yellow trumpet-shaped blooms_ arranged in clustered spheres.webp,1.00,0.36,0.83,0.78,0.45,Square shape (aspect 0.83); High transparency (good)
Orange milkweed flowers in clusters_ long_ thin petals_ some still budding.webp,1.00,0.37,0.97,0.71,0.46,Square shape (aspect 0.97); High transparency (good)
White_ bell-shaped lily of the valley blooms dangle_ many on thin arching stems.webp,1.00,0.35,0.90,0.76,0.53,Square shape (aspect 0.90); High transparency (good)
Unique lily with speckled reddish-pink and white recurved petals_ single bloom_ prominent stamens.webp,1.00,0.40,0.95,0.66,0.45,Square shape (aspect 0.95); High transparency (good)
Lily of the valley with many small_ white_ bell-shaped blooms hanging delicately.webp,1.00,0.28,0.83,0.82,0.49,Square shape (aspect 0.83); High transparency (good)
Tubular_ light-purple flowers bloom in clusters along the stem_ trumpet-shaped with delicate_ fringed edges.webp,1.00,0.09,0.96,0.92,0.46,Square shape (aspect 0.96); High transparency (good)
Towering foxglove flowers_ pastel purple_ bell-shaped with speckled throats_ cascading blooms along a slender stalk.webp,1.00,0.36,1.05,0.69,0.49,Square shape (aspect 1.05); High transparency (good)
White and green bell-shaped snowdrop flower_ drooping_ single bloom with inner petals tucked inside.webp,1.00,0.41,1.10,0.71,0.55,Square shape (aspect 1.10); High transparency (good)
This lantana has clusters of small orange_ yellow_ and pink blooms with rounded petals.webp,1.00,0.40,0.93,0.71,0.45,Square shape (aspect 0.93); High transparency (good)
Three dark roses with tightly furled petals and several buds are arranged on a stem.webp,1.00,0.39,0.82,0.72,0.47,Square shape (aspect 0.82); High transparency (good)
Tiger Lily_ one bloom_ white petals with pink speckles and distinctive curved stamens.webp,1.00,0.41,0.99,0.69,0.53,Square shape (aspect 0.99); High transparency (good)
This blue delphinium-like flower has many clustered blooms and rounded petals along its stem.webp,1.00,0.40,0.81,0.72,0.54,Square shape (aspect 0.81); High transparency (good)
Violet wildflower_ many blooms on a stem_ petals arranged in tiered clusters.webp,1.00,0.22,0.91,0.82,0.56,Square shape (aspect 0.91); High transparency (good)
This flower is a blue-purple salvia with plentiful blooms_ layered_ hooded petals cluster along its stem.webp,1.00,0.38,0.92,0.68,0.51,Square shape (aspect 0.92); High transparency (good)
Violet-blue aconite flowers climb a stem_ featuring hooded petals and prominent internal structures.webp,1.00,0.34,0.93,0.72,0.46,Square shape (aspect 0.93); High transparency (good)
Violet flowers in a spire_ with hood-like upper petals and textured veins.webp,1.00,0.31,0.97,0.73,0.53,Square shape (aspect 0.97); High transparency (good)
There is one large_ open blue-toned morning glory with two pointed buds.webp,1.00,0.45,0.99,0.67,0.45,Square shape (aspect 0.99); High transparency (good)
Two open_ four-petaled violet blossoms with veined petals and delicate_ protruding stamens.webp,1.00,0.47,0.91,0.72,0.45,Square shape (aspect 0.91); High transparency (good)
Two trumpet-shaped petunias one large_ purple with veined petals_ and one closed bud.webp,1.00,0.45,0.89,0.66,0.43,Square shape (aspect 0.89); High transparency (good)
Violet-blue bellflower features multiple blooms_ with delicate_ pointed petals and prominent stamens.webp,1.00,0.35,0.94,0.74,0.53,Square shape (aspect 0.94); High transparency (good)
The single bloom is light blue_ it has slender_ pointed petals arranged radially.webp,1.00,0.46,0.90,0.66,0.43,Square shape (aspect 0.90); High transparency (good)
Three purple monkshood blooms with pronounced veining and asymmetrical petal shapes.webp,1.00,0.36,0.93,0.70,0.43,Square shape (aspect 0.93); High transparency (good)
This lupine-like flower has many stacked blooms in blue and purple hues_ with rounded petals.webp,1.00,0.37,0.86,0.71,0.57,Square shape (aspect 0.86); High transparency (good)
Blue bellflower with five petals_ two open blooms_ and several closed buds.webp,1.00,0.30,0.87,0.80,0.45,Square shape (aspect 0.87); High transparency (good)
Three blue Nigella flowers with notched petals and unique stamens.webp,1.00,0.40,0.96,0.74,0.45,Square shape (aspect 0.96); High transparency (good)
This is a blue lupine with many blooms arranged densely_ vertically. Shaped petals.webp,1.00,0.30,0.87,0.76,0.59,Square shape (aspect 0.87); High transparency (good)
Two blue hyacinth blooms are shown_ with many small_ round petals tightly clustered.webp,1.00,0.45,0.84,0.69,0.62,Square shape (aspect 0.84); High transparency (good)
Violet flowers bloom in clusters on spike-like racemes_ displaying unusual petal shapes and varied sizes.webp,1.00,0.29,0.87,0.78,0.53,Square shape (aspect 0.87); High transparency (good)
The solitary flower has five_ broad_ blue-purple petals with distinct veining.webp,1.00,0.43,1.00,0.68,0.46,Square shape (aspect 1.00); High transparency (good)
Tiger lily_ large_ orange blooms_ freckled petals_ six petals_ one bud.webp,1.00,0.42,0.99,0.75,0.47,Square shape (aspect 0.99); High transparency (good)
This dahlia displays numerous red and pink petals arranged densely in a rounded bloom.webp,1.00,0.47,0.82,0.65,0.43,Square shape (aspect 0.82); High transparency (good)
Tiger Lily type_ one blooms_ warm orange color_ petals are curved_ ruffled_ and prominently veined.webp,1.00,0.40,0.96,0.70,0.45,Square shape (aspect 0.96); High transparency (good)
Two red tulip blooms_ one open showing petal arrangement_ the other a bud.webp,1.00,0.40,0.85,0.70,0.47,Square shape (aspect 0.85); High transparency (good)
The red rose features ruffled petals that spiral tightly inward_ one bloom.webp,1.00,0.44,0.84,0.67,0.46,Square shape (aspect 0.84); High transparency (good)
This is a red hibiscus with ruffled petals_ and one bud visible.webp,1.00,0.49,0.87,0.66,0.48,Square shape (aspect 0.87); High transparency (good)
The single bloom is a pink_ hibiscus-like flower with delicate_ overlapping petals.webp,1.00,0.45,0.94,0.65,0.42,Square shape (aspect 0.94); High transparency (good)
This lavender hibiscus-like flower has five veined petals and a bright yellow center. One bloom.webp,1.00,0.35,0.86,0.81,0.43,Square shape (aspect 0.86); High transparency (good)
Vibrant red hibiscus shows one bloom_ with ruffled edges and a prominent stamen.webp,1.00,0.45,0.94,0.66,0.52,Square shape (aspect 0.94); High transparency (good)
The single tiger lily bloom is peach and pink_ with speckled_ curved petals.webp,1.00,0.46,0.89,0.65,0.44,Square shape (aspect 0.89); High transparency (good)
Torch lily with red-orange blooms densely packed_ downward facing_ tubular petals.webp,1.00,0.55,0.75,0.63,0.47,Dense bloom (55% bbox fill)
Three vibrant orange canna lily blooms feature elegantly curved petals_ displayed with one unopened bud.webp,1.00,0.47,0.80,0.66,0.52,Square shape (aspect 0.80); High transparency (good)
Tropical bloom_ pink-red_ with five petals and prominent stamens. Multiple blooms on stem.webp,1.00,0.41,0.87,0.68,0.52,Square shape (aspect 0.87); High transparency (good)
Pink bell-shaped flowers_ about four visible blooms with delicate_ slightly transparent petals_ and buds.webp,1.00,0.44,0.82,0.68,0.50,Square shape (aspect 0.82); High transparency (good)
This Amaryllis features numerous peach-colored_ trumpet-shaped blooms arranged in a cluster on a long stem.webp,1.00,0.39,0.84,0.70,0.45,Square shape (aspect 0.84); High transparency (good)
This plant has lavender_ bell-shaped flowers with speckled throats_ arranged along a tall stalk.webp,1.00,0.32,0.91,0.75,0.49,Square shape (aspect 0.91); High transparency (good)
The single_ orange-red bell-shaped flower has paper-thin layered petals with prominent veins.webp,1.00,0.41,0.94,0.68,0.51,Square shape (aspect 0.94); High transparency (good)
Branch of clustered_ vibrant orange bougainvillea flowers_ thin bracts and red filaments present.webp,1.00,0.44,1.02,0.66,0.48,Square shape (aspect 1.02); High transparency (good)
Solitary_ light pink petunia-like bloom features five softly rounded petals arranged symmetrically with visible veins.webp,1.00,0.49,0.91,0.66,0.45,Square shape (aspect 0.91); High transparency (good)
Three large_ red Amaryllis blooms with elongated petals and prominent_ striking stamens.webp,1.00,0.43,0.91,0.67,0.50,Square shape (aspect 0.91); High transparency (good)
The single bloom is orange-red with an open form and wavy petals around a center disc.webp,1.00,0.48,0.87,0.66,0.43,Square shape (aspect 0.87); High transparency (good)
The single cosmo bloom is orange with slightly ruffled_ overlapping petals.webp,1.00,0.45,0.92,0.66,0.44,Square shape (aspect 0.92); High transparency (good)
Trumpet flowers with veined_ translucent petals in shades of pink and peach. Several blooms and buds exist.webp,1.00,0.37,0.99,0.68,0.52,Square shape (aspect 0.99); High transparency (good)
Towering snapdragon blooms in peach and pink_ arranged vertically_ with closed-mouth petal shapes.webp,1.00,0.42,0.84,0.67,0.53,Square shape (aspect 0.84); High transparency (good)
Three clusters of orange blossom-like flowers_ small_ many-petaled blooms arranged in dense_ rounded pyramidal shapes.webp,1.00,0.35,0.94,0.70,0.48,Square shape (aspect 0.94); High transparency (good)
Three peach-colored amaryllis blooms_ plus two buds_ face downwards with flared_ slightly curled petals.webp,1.00,0.37,0.96,0.67,0.52,Square shape (aspect 0.96); High transparency (good)
Tropical heliconia flowers_ vibrant red_ orange_ and yellow_ with sharp_ pointed petals_ several blooms.webp,1.00,0.32,0.94,0.70,0.53,Square shape (aspect 0.94); High transparency (good)
Two Physallis blooms_ one vibrant orange and one green_ with detailed_ veined_ overlapping petals.webp,1.00,0.38,0.88,0.68,0.57,Square shape (aspect 0.88); High transparency (good)
This is a single Protea flower with pink and red tipped bracts arranged in layers.webp,1.00,0.41,0.89,0.69,0.46,Square shape (aspect 0.89); High transparency (good)
This is a single_ pink coneflower with lance-shaped petals and a textured_ protruding brown center.webp,1.00,0.43,0.89,0.67,0.42,Square shape (aspect 0.89); High transparency (good)
The single columbine bloom features elongated_ spurred petals in shades of white_ pink_ and blue.webp,1.00,0.42,0.89,0.66,0.43,Square shape (aspect 0.89); High transparency (good)
Twig with several red-peach flowers_ simple petals_ and prominent stamenspistils.webp,1.00,0.43,0.80,0.67,0.53,Square shape (aspect 0.80); High transparency (good)
Tropical bird-of-paradise-like blooms with sharp_ pointed petals colored in pink_ orange_ red_ and blue hues.webp,1.00,0.30,0.85,0.77,0.52,Square shape (aspect 0.85); High transparency (good)
Yellow tulip with softly curved petals_ single bloom_ somewhat open.webp,0.50,0.56,0.60,0.69,0.48,Dense bloom (56% bbox fill); High transparency (good)
This lilac features numerous purple blooms with four rounded petals_ clustered tightly.webp,0.50,0.54,0.78,0.65,0.48,Dense bloom (54% bbox fill); High transparency (good)
Torch lily with orange-red blooms arranged in a dense_ cone-like spike formation.webp,0.50,0.54,0.54,0.72,0.53,Dense bloom (54% bbox fill); High transparency (good)
Upright blue Delphinium-type flowers_ some buds_ with ruffled petals and visible central stamens_ blooming on a stalk.webp,0.50,0.54,0.57,0.70,0.51,Dense bloom (54% bbox fill); High transparency (good)
Towering_ blue delphinium-like blooms cascade downwards_ petals uniquely ruffled and veined.webp,0.50,0.59,0.60,0.66,0.55,Dense bloom (59% bbox fill); High transparency (good)
This pink-purple hibiscus-like flower has five rounded_ veined petals_ also a partially opened bud.webp,0.00,0.32,0.70,0.82,0.42,Top-heavy (center at 42%); High transparency (good)
A single yellow sunflower with pointed petals and a dark brown center.webp,0.00,0.38,0.77,0.74,0.44,High transparency (good)
The single_ yellow tulip has graceful_ overlapping petals forming a cup shape.webp,0.00,0.37,0.67,0.78,0.47,High transparency (good)
This yellow poppy has delicate_ translucent petals_ one open bloom and a flower bud.webp,0.00,0.39,0.54,0.82,0.35,Top-heavy (center at 35%); High transparency (good)
Single pink cosmos flower with ruffled petals and a yellow center.webp,0.00,0.31,0.63,0.83,0.36,Top-heavy (center at 36%); High transparency (good)
This is a single-bloom yellow rose with overlapping petals in a spiral arrangement.webp,0.00,0.24,0.74,0.84,0.48,High transparency (good)
This tan field grass features multiple tiny blooms in a plume arrangement.webp,0.00,0.07,0.38,0.97,0.44,Tall/narrow shape (good); High transparency (good)
Towering sage-type flower_ with many tubular blooms up the stem_ in shades of purple.webp,0.00,0.39,0.57,0.79,0.53,High transparency (good)
This purple phlox has several blooms_ with notched petals grouped along a stem.webp,0.00,0.37,0.62,0.85,0.37,Top-heavy (center at 37%); High transparency (good)
Yellow forsythia-like flowers with six petals and several unopened buds on brown stems.webp,0.00,0.34,0.72,0.77,0.57,High transparency (good)
The purple bell-shaped flower has five broad petals and several unopened buds.webp,0.00,0.30,0.68,0.83,0.33,Top-heavy (center at 33%); High transparency (good)
Two wispy_ green-brown grassy seed heads. Each head has many tiny clustered tan florets.webp,0.00,0.12,0.42,0.95,0.52,Tall/narrow shape (good); High transparency (good)
Towering flower spike displays numerous_ droopy_ purple blooms with speckled throats_ arranged progressively up the stem.webp,0.00,0.48,0.56,0.77,0.55,High transparency (good)
Upright_ blooming branch. Several_ loosely-arranged purple flowers_ some petals are slightly hooded or spurred.webp,0.00,0.24,0.65,0.88,0.40,Top-heavy (center at 40%); High transparency (good)
The solitary violet flower boasts five distinctively veined petals_ curving gently inward.webp,0.00,0.43,0.70,0.77,0.36,Top-heavy (center at 36%); High transparency (good)
Varied purple flowers_ some daisy-like_ some in clustered spikes_ some with distinctive winged petals.webp,0.00,0.27,1.90,0.77,0.49,High transparency (good)
Two-bloom daffodil with cupped bright yellow center and fluted_ pale petals.webp,0.00,0.29,0.68,0.84,0.36,Top-heavy (center at 36%); High transparency (good)
Various loosely arranged purple flowers_ some daisy-like_ others with petals along stalks.webp,0.00,0.25,1.94,0.79,0.46,High transparency (good)
This pink_ five-petaled flower has a prominent stamen with a single bud present.webp,0.00,0.29,0.42,0.91,0.37,Top-heavy (center at 37%); Tall/narrow shape (good); High transparency (good)
Yellow flower with numerous blooms arranged in a spike_ spindly petals.webp,0.00,0.25,0.67,0.85,0.54,High transparency (good)
Three bluepurple phlox blooms_ one bud_ with five distinct somewhat ruffled petals_ each veined.webp,0.00,0.44,0.80,0.74,0.43,High transparency (good)
Two visible purple phlox flowers with rounded petals and dark centers.webp,0.00,0.24,0.63,0.88,0.33,Top-heavy (center at 33%); High transparency (good)
The single_ pale lavender flower has delicate petals that are slightly ruffled and spread open.webp,0.00,0.26,0.41,0.91,0.32,Top-heavy (center at 32%); Tall/narrow shape (good); High transparency (good)
This pinkish-purple clover flower has one rounded bloom with many small petal-like florets.webp,0.00,0.30,0.73,0.83,0.41,Top-heavy (center at 41%); High transparency (good)
There is one lavender flower with large_ delicate_ softly veined petals arranged symmetrically.webp,0.00,0.33,0.64,0.81,0.34,Top-heavy (center at 34%); High transparency (good)
Various purple wildflowers_ some spiked_ others with four or five petals in clustered and singular blooms.webp,0.00,0.30,2.06,0.76,0.43,High transparency (good)
Two pink-purple sweet pea blooms face each other_ having delicate_ ruffled petal edges.webp,0.00,0.31,0.75,0.80,0.33,Top-heavy (center at 33%); High transparency (good)
This is a single_ five-petaled flower with a color gradient from pink to violet.webp,0.00,0.27,0.65,0.85,0.33,Top-heavy (center at 33%); High transparency (good)
Various light purple flowers with many blooms_ some arranged in vertical_ spike-like clusters.webp,0.00,0.29,1.97,0.77,0.53,High transparency (good)
Various purple flowers bloom. Some are clustered_ others simple_ and some are yellow.webp,0.00,0.26,1.84,0.77,0.45,High transparency (good)
There is one open flax flower and a bud_ colored soft pink and blue.webp,0.00,0.24,0.64,0.86,0.37,Top-heavy (center at 37%); High transparency (good)
Two sprigs of lilac blooms_ many four-petaled purple flowers arranged in clusters.webp,0.00,0.39,0.68,0.80,0.47,High transparency (good)
White daffodil shows a single bloom with a distinctive yellow trumpet.webp,0.00,0.41,0.68,0.78,0.37,Top-heavy (center at 37%); High transparency (good)
Three pink phlox blooms and two buds_ petals have rounded edges.webp,0.00,0.33,0.78,0.78,0.37,Top-heavy (center at 37%); High transparency (good)
Varied purple wildflowers_ including upright clusters and single blooms with rounded petals.webp,0.00,0.28,2.00,0.79,0.56,High transparency (good)
Violet-lavender phlox type blooms_ five soft petals_ with some buds.webp,0.00,0.31,0.78,0.82,0.37,Top-heavy (center at 37%); High transparency (good)
Three lavender Phlox flowers bloom_ each with rounded petals arranged around a dark center.webp,0.00,0.34,0.70,0.81,0.32,Top-heavy (center at 32%); High transparency (good)
There is one peach lily_ petals are slightly curved back_ and two unopened buds.webp,0.00,0.19,0.59,0.91,0.39,Top-heavy (center at 39%); High transparency (good)
This is a primrose cluster with five light-yellow blooms_ thin stems_ and wavy leaves.webp,0.00,0.37,0.69,0.80,0.39,Top-heavy (center at 39%); High transparency (good)
The single rose bloom is a pale tan_ its petals tightly swirled.webp,0.00,0.45,0.69,0.77,0.46,High transparency (good)
The single yellow tulip blossom has layers of softly rounded_ closed petals.webp,0.00,0.35,0.78,0.74,0.47,High transparency (good)
The poppy-like flower is golden-yellow_ has one open bloom_ and delicate_ papery petals.webp,0.00,0.34,0.80,0.80,0.42,High transparency (good)
Two off-white lily-like blooms with curved petals and prominent_ orange stamens.webp,0.00,0.33,0.73,0.88,0.46,High transparency (good)
One orange Ranunculus with layered petals_ along with a small bud and green foliage.webp,0.00,0.33,0.67,0.80,0.39,Top-heavy (center at 39%); High transparency (good)
Single_ peach-colored peony with layered_ ruffled petals_ blooms are large and dense.webp,0.00,0.39,0.72,0.79,0.41,Top-heavy (center at 41%); High transparency (good)
The white Cosmos flower has one open bloom with delicate_ papery petals.webp,0.00,0.19,0.63,0.90,0.36,Top-heavy (center at 36%); High transparency (good)
Yellow tulip with slightly pointed petals_ single bloom on a green stem.webp,0.00,0.34,0.53,0.84,0.56,High transparency (good)
Yellow poppy_ single bloom_ papery petals with ruffled edges surrounding a central seed pod.webp,0.00,0.31,0.78,0.81,0.33,Top-heavy (center at 33%); High transparency (good)
Three white daffodil blooms two with star-shaped petals_ one drooping bell-shaped.webp,0.00,0.34,0.73,0.78,0.48,High transparency (good)
Wheat stalk with multiple golden_ jagged blooms arranged densely along the stem.webp,0.00,0.12,0.62,0.93,0.45,High transparency (good)
Three tan plumes of grass with feathery tops and grasslike leaves.webp,0.00,0.10,0.77,0.93,0.48,High transparency (good)
This is a Foxglove flower with multiple orange_ bell-shaped blooms_ distinguished by speckled throats.webp,0.00,0.33,0.47,0.85,0.56,Tall/narrow shape (good); High transparency (good)
The tall_ golden grass flower has many feathery plumes arranged on an upright stem.webp,0.00,0.09,0.63,0.94,0.50,High transparency (good)
Wheat-like grass with a few tan spiky blooms arranged alternately.webp,0.00,0.11,0.67,0.93,0.44,High transparency (good)
This is a grass-like inflorescence with many feathery brown blooms arranged in cascading branches.webp,0.00,0.09,0.50,0.96,0.46,Tall/narrow shape (good); High transparency (good)
Wheat-grass type flower_ tanbrown color_ many small_ pointed blooms arranged along stems with slender leaves.webp,0.00,0.12,0.45,0.96,0.44,Tall/narrow shape (good); High transparency (good)
This bright gold flower has many layered petals_ with two small buds on stems.webp,0.00,0.37,0.74,0.82,0.44,High transparency (good)
Upright stem with lavender_ trumpet-shaped blooms. Multiple clustered flowers with rounded petals_ arranged linearly.webp,0.00,0.14,0.55,0.95,0.44,High transparency (good)
There is one large orange calendula flower with layered_ thin petals and one bud.webp,0.00,0.30,0.69,0.82,0.38,Top-heavy (center at 38%); High transparency (good)
The single chrysanthemum bloom features thin_ ivory-pink petals densely packed around a golden center.webp,0.00,0.29,0.72,0.83,0.41,Top-heavy (center at 41%); High transparency (good)
The plant features a large_ apricot-colored flower with ruffled petals and two additional buds.webp,0.00,0.38,0.65,0.84,0.43,High transparency (good)
The single bloom is orange_ with layered_ semi-transparent petals with pointed tips.webp,0.00,0.34,0.67,0.79,0.41,Top-heavy (center at 41%); High transparency (good)
The single_ white_ geranium-like flower exhibits subtle lavender hues and five distinct_ broad petals.webp,0.00,0.37,0.63,0.79,0.37,Top-heavy (center at 37%); High transparency (good)
Trumpet-shaped flower_ shades of tan with purple in the center_ one open bloom.webp,0.00,0.33,0.79,0.84,0.46,High transparency (good)
Two yellow daisy-like blooms_ one open_ one a bud. Petals slightly ruffled.webp,0.00,0.23,0.58,0.88,0.36,Top-heavy (center at 36%); High transparency (good)
The single_ bright orange marigold flower features many ruffled petals_ densely arranged.webp,0.00,0.36,0.71,0.79,0.37,Top-heavy (center at 37%); High transparency (good)
The solitary flower_ orange and yellow_ has many long_ pointed petals in a layered arrangement.webp,0.00,0.31,0.60,0.83,0.39,Top-heavy (center at 39%); High transparency (good)
This is a single yellow-orange calendula flower_ densely packed petals with slightly jagged edges.webp,0.00,0.44,0.79,0.68,0.36,Top-heavy (center at 36%); High transparency (good)
White_ pink-tinged flower with many pistils_ one bloom with several pointed_ overlapping petals.webp,0.00,0.17,0.47,0.92,0.30,Top-heavy (center at 30%); Tall/narrow shape (good); High transparency (good)
Towering orange flowers_ with tightly overlapping_ almost scale-like petals_ many blooms_ green growth on top.webp,0.00,0.43,0.55,0.78,0.50,High transparency (good)
Yellow-orange calendula with two blooms_ layered petals and a prominent_ dark center.webp,0.00,0.34,0.67,0.82,0.38,Top-heavy (center at 38%); High transparency (good)
This plant is tan colored with feathery plumes in a scattered_ asymmetrical arrangement.webp,0.00,0.09,0.72,0.94,0.42,High transparency (good)
Two purple-and-yellow pansy blooms present curled petals and a darker vein pattern.webp,0.00,0.32,0.72,0.81,0.39,Top-heavy (center at 39%); High transparency (good)
This single daisy shows white_ slender petals around a golden center disc.webp,0.00,0.36,0.75,0.79,0.41,Top-heavy (center at 41%); High transparency (good)
Towering yellow flower spikes_ densely packed with tiny blooms and delicate petal patterns.webp,0.00,0.22,0.68,0.88,0.50,High transparency (good)
This is a single_ orange-red marigold flower with ruffled petals and numerous blooms.webp,0.00,0.45,0.69,0.73,0.39,Top-heavy (center at 39%); High transparency (good)
This is a single_ orange marigold flower whose petals are ruffled and layered.webp,0.00,0.39,0.75,0.74,0.40,Top-heavy (center at 40%); High transparency (good)
This is a single white daisy with a golden center and many slim petals.webp,0.00,0.26,0.50,0.91,0.33,Top-heavy (center at 33%); Tall/narrow shape (good); High transparency (good)
Three daffodils_ light orange_ large trumpet-shaped center_ gently curved petals_ two blossoms droop.webp,0.00,0.33,0.74,0.83,0.43,High transparency (good)
This single orange calendula flower flaunts tightly layered petals with jagged tips_ a distinctive bloom.webp,0.00,0.25,0.53,0.88,0.38,Top-heavy (center at 38%); High transparency (good)
Towering foxglove_ peach colored_ many bell blooms with speckled throats arranged around a central stalk.webp,0.00,0.46,0.76,0.67,0.55,High transparency (good)
Two daffodils_ creamy petals_ orange trumpet-shaped centers_ with one bloom facing downward.webp,0.00,0.36,0.74,0.80,0.42,Top-heavy (center at 42%); High transparency (good)
White carnation with one bloom and one bud_ frilly_ ruffled petals.webp,0.00,0.34,0.76,0.78,0.38,Top-heavy (center at 38%); High transparency (good)
White_ bell-shaped lily of the valley flowers_ multiple blooms hanging delicately from a curved stem.webp,0.00,0.33,0.74,0.86,0.51,High transparency (good)
White orchids with soft petals bloom in clusters_ some buds await their unveiling.webp,0.00,0.37,0.79,0.71,0.51,High transparency (good)
Tiny_ pale pink flowers interspersed between small rounded leaves grow up thin branches.webp,0.00,0.13,0.68,0.93,0.44,High transparency (good)
Tiny blue forget-me-not type blooms_ numerous on stems_ five petals_ center star.webp,0.00,0.21,0.76,0.88,0.40,Top-heavy (center at 40%); High transparency (good)
This plant has many small_ feathery_ green fronds attached to branching stems.webp,0.00,0.21,0.66,0.86,0.57,High transparency (good)
Three nodding snowdrop flowers_ white_ bell-shaped petals with green markings are featured.webp,0.00,0.27,0.73,0.84,0.42,Top-heavy (center at 42%); High transparency (good)
Tiny_ pale-purple_ single flowers on slender stems with small leaves bloom sparsely.webp,0.00,0.09,0.57,0.96,0.47,High transparency (good)
Upright flowering plants_ many small yellow blooms_ star-shaped petals grow up along the stems.webp,0.00,0.25,0.80,0.83,0.72,High transparency (good)
Wheat-like_ beige grassy blooms hang loosely. Vertical arrangement with long_ pointed leaves. Few blooms.webp,0.00,0.09,0.44,0.96,0.50,Tall/narrow shape (good); High transparency (good)
Two green plume-like flowers with wispy petals arranged in feather-like structures.webp,0.00,0.15,0.77,0.89,0.50,High transparency (good)
This Phlox has many white blooms and five rounded petals arranged in clusters.webp,0.00,0.30,0.42,0.89,0.34,Top-heavy (center at 34%); Tall/narrow shape (good); High transparency (good)
The single bloom has wide_ translucent white-blue petals arranged in a loose_ open cup shape.webp,0.00,0.28,0.51,0.87,0.31,Top-heavy (center at 31%); High transparency (good)
Wheat-like flower_ multiple tangold blooms arranged in a cascading plume_ delicate form.webp,0.00,0.10,0.76,0.93,0.47,High transparency (good)
The single daisy bloom showcases creamy white petals radiating from a golden yellow center.webp,0.00,0.38,0.54,0.83,0.35,Top-heavy (center at 35%); High transparency (good)
This purple and blue lupine has many upward-facing blooms in a spike-like arrangement.webp,0.00,0.31,0.72,0.80,0.63,High transparency (good)
The single_ green flower has tightly packed_ broad_ rounded petals in a spiral arrangement.webp,0.00,0.41,0.71,0.73,0.39,Top-heavy (center at 39%); High transparency (good)
White wildflower with ruffled petals_ and unopened floral buds_ petals appear delicate and slightly irregular.webp,0.00,0.14,0.57,0.93,0.40,Top-heavy (center at 40%); High transparency (good)
Solitary lily-like bloom with six whitepurple petals_ pointed tips_ and orange stamens.webp,0.00,0.24,0.77,0.83,0.33,Top-heavy (center at 33%); High transparency (good)
Three blue_ poppy-like blooms and two buds_ open petals overlap with dark centers.webp,0.00,0.30,0.54,0.85,0.37,Top-heavy (center at 37%); High transparency (good)
The single tulip bloom is purple with petals tightly cupped and slightly pointed.webp,0.00,0.28,0.66,0.84,0.42,High transparency (good)
This anemone-like flower exhibits light blue_ delicate petals and multiple unopened buds.webp,0.00,0.24,0.51,0.90,0.35,Top-heavy (center at 35%); High transparency (good)
Two light purple_ tulip-like blooms with delicate_ veined petals and a visible central structure.webp,0.00,0.46,0.71,0.72,0.43,High transparency (good)
Towering_ blue salvia-like flowers_ several blooms stalk the stem_ with prominent_ long stamens.webp,0.00,0.29,0.71,0.81,0.44,High transparency (good)
There's one lavender-purple five-petal flower bloom with two bud clusters on a single stem.webp,0.00,0.23,0.69,0.87,0.43,High transparency (good)
The single lavender blossom has rounded petals and several buds on the stem.webp,0.00,0.29,0.55,0.87,0.33,Top-heavy (center at 33%); High transparency (good)
Two pale blue_ five-petaled flowers bloom on a single stem_ petals are veined.webp,0.00,0.22,0.67,0.89,0.30,Top-heavy (center at 30%); High transparency (good)
Two lavender flower spikes with small purple blooms clustered tightly around the stem.webp,0.00,0.32,0.64,0.82,0.49,High transparency (good)
Violet sage_ several clustered blooms up the stem_ petals with a distinct upper hood.webp,0.00,0.32,0.74,0.79,0.53,High transparency (good)
The stem has several blue_ five-petaled flowers and closed buds along its length.webp,0.00,0.26,0.57,0.88,0.45,High transparency (good)
Two lavender sprigs with clustered purple blooms and slender_ elongated petals line the stems.webp,0.00,0.28,0.63,0.84,0.49,High transparency (good)
Tubular_ purple penstemon-like flowers bloom up a stalk_ five petals with delicate_ linear markings visible.webp,0.00,0.33,0.48,0.85,0.54,Tall/narrow shape (good); High transparency (good)
This is a blue delphinium with numerous blooms up the stem_ petals softly ruffled.webp,0.00,0.48,0.44,0.80,0.51,Tall/narrow shape (good); High transparency (good)
Various purple and blue blooms_ with rounded petals and some flowers on branching stems.webp,0.00,0.30,1.82,0.74,0.56,High transparency (good)
Three purple sweet pea blooms with delicate_ ruffled petals on a stem.webp,0.00,0.42,0.64,0.76,0.43,High transparency (good)
This single_ violet flower has cupped petals with dark veins_ surrounded by several buds.webp,0.00,0.25,0.62,0.90,0.38,Top-heavy (center at 38%); High transparency (good)
This flower_ a bright blue_ has 5 petals and one bud_ with yellow stamens.webp,0.00,0.17,0.73,0.89,0.47,High transparency (good)
Single blue iris-like flower with delicate veined petals and yellow center_ atop tall_ slender leaves.webp,0.00,0.21,0.73,0.86,0.38,Top-heavy (center at 38%); High transparency (good)
The single_ blue iris-like flower has four rounded petals and yellow-gold stamen.webp,0.00,0.26,0.73,0.83,0.38,Top-heavy (center at 38%); High transparency (good)
Two delphinium-like flower stalks_ mostly blue petals_ with closed buds_ arranged opposite each other.webp,0.00,0.38,0.77,0.74,0.45,High transparency (good)
There's one large blue flower with slightly translucent_ rounded petals and a smaller bud.webp,0.00,0.35,0.53,0.84,0.33,Top-heavy (center at 33%); High transparency (good)
Various lavender_ purple_ and pink flower types_ including lavender spikes and rounded petals_ multiple blooms.webp,0.00,0.21,1.90,0.82,0.44,High transparency (good)
Trumpet shaped_ purplish-blue flowers_ around five blooms with delicate veins.webp,0.00,0.34,0.66,0.83,0.51,High transparency (good)
Violet sage flower with trumpet-shaped blooms arranged up the stalk_ prominent pistils.webp,0.00,0.27,0.51,0.87,0.55,High transparency (good)
This flower has many lavender blooms in a spike cluster_ with rounded_ open petals.webp,0.00,0.44,0.55,0.78,0.42,High transparency (good)
The single_ light blue flower has slightly ruffled petals and prominent central stamens.webp,0.00,0.36,0.61,0.82,0.35,Top-heavy (center at 35%); High transparency (good)
Varied purple blooms_ including lavender-like spikes and single_ open-faced flowers with yellow centers.webp,0.00,0.27,1.89,0.78,0.47,High transparency (good)
This is a lavender flower with several purple blooms arranged in a vertical spike.webp,0.00,0.22,0.66,0.88,0.46,High transparency (good)
Various types of blooms lavender spears with many tiny flowers_ simple pink or purple petal flowers.webp,0.00,0.21,1.85,0.82,0.44,High transparency (good)
Various flower types are purple_ lavender_ and yellow_ with clustered blooms and diverse shapes.webp,0.00,0.23,1.86,0.80,0.45,High transparency (good)
The single bloom is a blue-purple morning glory with fused_ trumpet-shaped petals.webp,0.00,0.30,0.67,0.84,0.43,High transparency (good)
Upright delphinium with many blue blooms_ some closed_ displaying irregularly shaped petals.webp,0.00,0.45,0.74,0.68,0.54,High transparency (good)
This Delphinium has blue_ cup-shaped blooms arranged densely up the stalk_ with delicate venation.webp,0.00,0.41,0.48,0.82,0.52,Tall/narrow shape (good); High transparency (good)
The plant has small blue blooms with slightly pointed petals and central dots.webp,0.00,0.21,0.68,0.89,0.40,Top-heavy (center at 40%); High transparency (good)
Violet_ multi-bloomed flower spikes with ruffled petals and rounded leaves_ arranged densely on the plant.webp,0.00,0.28,0.79,0.80,0.53,High transparency (good)
Various blooms Lavender spikes with close-packed purple buds_ yellow buttercup_ and daisy-like flowers.webp,0.00,0.30,1.94,0.75,0.49,High transparency (good)
Upright flower spikes with many tiny_ purple_ clustered blossoms_ petals are tightly packed.webp,0.00,0.23,1.85,0.80,0.44,High transparency (good)
This single_ pink_ poppy-like bloom features delicate_ slightly translucent petals and green leaves.webp,0.00,0.36,0.69,0.77,0.33,Top-heavy (center at 33%); High transparency (good)
This is a single apricot-colored rose with tightly swirled petals and a thorny stem.webp,0.00,0.45,0.70,0.70,0.36,Top-heavy (center at 36%); High transparency (good)
The single pink cosmos has notched petals surrounding a vivid yellow center disk.webp,0.00,0.39,0.73,0.75,0.33,Top-heavy (center at 33%); High transparency (good)
This bronze-colored carnation has one full bloom_ two buds_ and ruffled_ tightly packed petals.webp,0.00,0.31,0.60,0.85,0.36,Top-heavy (center at 36%); High transparency (good)
The poppy-like flower has two blooms_ pink petals with prominent veins_ and a delicate look.webp,0.00,0.24,0.58,0.88,0.37,Top-heavy (center at 37%); High transparency (good)
This poppy-like flower has translucent reddish petals arranged in a loose_ open single bloom.webp,0.00,0.31,0.56,0.85,0.31,Top-heavy (center at 31%); High transparency (good)
Translucent pink hibiscus showcases delicate petal veins and a prominent central pistil.webp,0.00,0.30,0.53,0.86,0.36,Top-heavy (center at 36%); High transparency (good)
This single_ orange tulip flower has rounded petals in a closed cup shape.webp,0.00,0.46,0.74,0.70,0.41,Top-heavy (center at 41%); High transparency (good)
The poppy is orange-red_ with one ruffled bloom and many dark stamens.webp,0.00,0.36,0.71,0.79,0.38,Top-heavy (center at 38%); High transparency (good)
This is a single_ pink cosmos flower with wavy petals and a prominent yellow center.webp,0.00,0.27,0.74,0.85,0.35,Top-heavy (center at 35%); High transparency (good)
Single peach-colored poppy with loosely arranged petals and a visible seed pod.webp,0.00,0.23,0.40,0.91,0.31,Top-heavy (center at 31%); Tall/narrow shape (good); High transparency (good)
The red Poppy shows one bloom. Petals are few_ slightly ruffled.webp,0.00,0.30,0.58,0.86,0.28,Top-heavy (center at 28%); High transparency (good)
One open_ pink cosmos flower with delicate_ fluted petals and a golden center disk.webp,0.00,0.30,0.70,0.82,0.34,Top-heavy (center at 34%); High transparency (good)
The single_ peach-colored poppy bloom has delicately ruffled petals around a dark center.webp,0.00,0.26,0.45,0.90,0.31,Top-heavy (center at 31%); Tall/narrow shape (good); High transparency (good)
The poppy flower has a single red bloom with delicate_ crinkled petals.webp,0.00,0.30,0.46,0.89,0.34,Top-heavy (center at 34%); Tall/narrow shape (good); High transparency (good)
The single calla lily bloom is peach colored_ with curved and delicate petals.webp,0.00,0.35,0.72,0.80,0.38,Top-heavy (center at 38%); High transparency (good)
Vertical stem with red_ lily-like blooms_ trumpet shaped petals and upward_ graduated blooming.webp,0.00,0.24,0.55,0.88,0.53,High transparency (good)
One pink cosmos bloom with simple petals and a yellow center_ plus a bud.webp,0.00,0.41,0.76,0.82,0.45,High transparency (good)
A single_ red tulip with loosely arranged petals and long_ slender leaves.webp,0.00,0.27,0.59,0.87,0.45,High transparency (good)
Pink carnation with one open bloom and two buds_ ruffled_ layered petals.webp,0.00,0.36,0.66,0.81,0.36,Top-heavy (center at 36%); High transparency (good)
A single_ pink peony flower with numerous_ ruffled_ and rounded petals.webp,0.00,0.45,0.73,0.74,0.43,High transparency (good)
Three orange poppy-like blooms_ two open and one budding_ with veined petals.webp,0.00,0.46,0.73,0.70,0.42,High transparency (good)
This is a single_ peachy-pink poppy bloom with delicate_ tissue-paper-like petals and a distinctive center.webp,0.00,0.29,0.62,0.85,0.37,Top-heavy (center at 37%); High transparency (good)
The single peach-colored gerbera daisy has layered petals and a detailed center.webp,0.00,0.41,0.76,0.75,0.41,Top-heavy (center at 41%); High transparency (good)
A single pink rose with tightly curled petals_ fading to white.webp,0.00,0.30,0.71,0.81,0.36,Top-heavy (center at 36%); High transparency (good)
This single orange poppy bloom has delicate_ textured petals and prominent stamens.webp,0.00,0.21,0.76,0.87,0.35,Top-heavy (center at 35%); High transparency (good)
The upright tulip has one reddish bloom with pointed_ closed petals and veining.webp,0.00,0.38,0.54,0.82,0.51,High transparency (good)
This pale purple lily features six petals_ a closed bud is present too.webp,0.00,0.31,0.66,0.81,0.36,Top-heavy (center at 36%); High transparency (good)
There are 3 peach-pink_ poppy-like blooms with rounded petals arranged in a simple formation.webp,0.00,0.24,0.58,0.88,0.48,High transparency (good)
This red salvia has many blooms arranged vertically on the stem_ tubular petals.webp,0.00,0.27,0.51,0.87,0.54,High transparency (good)
Tubular_ scarlet blooms are loosely arranged along a central stem_ multiple_ prominent stamens extend.webp,0.00,0.28,0.56,0.85,0.52,High transparency (good)
Tubular_ pink flowers cluster loosely on a tall stem_ throat-like opening present.webp,0.00,0.35,0.73,0.77,0.49,High transparency (good)
Wheat-like grass_ bronze and green_ multiple blooms_ with feathery_ grain arranged on vertical stem.webp,0.00,0.05,0.53,0.97,0.44,High transparency (good)
Towering foxglove blooms with orange_ bell-shaped flowers speckled with red spots arranged along a tall stalk.webp,0.00,0.41,0.57,0.78,0.56,High transparency (good)
This is a Foxglove with soft pink_ tubular blooms stacked up the stem.webp,0.00,0.31,0.66,0.81,0.53,High transparency (good)
This is a Red Salvia tubular blooms line the stem with elongated petal shapes.webp,0.00,0.23,0.38,0.92,0.51,Tall/narrow shape (good); High transparency (good)
This is a tan_ feathery plume composed of many small blooms_ with sword-like leaves.webp,0.00,0.09,0.59,0.95,0.48,High transparency (good)
Single pink phlox-like flower with five rounded petals_ slightly pointed tips.webp,0.00,0.36,0.78,0.80,0.39,Top-heavy (center at 39%); High transparency (good)
Two peach-colored gladiolus blooms with ruffled edges_ displayed in a linear_ upward arrangement.webp,0.00,0.33,0.71,0.78,0.44,High transparency (good)
Three red balloon-like flowers_ layered petals curve inward_ creating a lantern shape_ with filament detail.webp,0.00,0.45,0.66,0.73,0.50,High transparency (good)
A single bloom of a pale pink flower with elongated and somewhat translucent petals.webp,0.00,0.17,0.40,0.94,0.34,Top-heavy (center at 34%); Tall/narrow shape (good); High transparency (good)
This is a Larkspur with 4-5 purple-tinted blooms_ multiple buds_ and nectar spur petals.webp,0.00,0.19,0.55,0.92,0.44,High transparency (good)
The red flowers have a distinctive petal shape. Several blooms are clustered.webp,0.00,0.41,0.67,0.73,0.54,High transparency (good)
Three light-purple_ open-faced flowers_ each bloom has rounded petals and a prominent center.webp,0.00,0.20,0.35,0.94,0.31,Top-heavy (center at 31%); Tall/narrow shape (good); High transparency (good)
Two salmon-pink canna blooms with curved petals and prominent veins are presented.webp,0.00,0.29,0.73,0.81,0.37,Top-heavy (center at 37%); High transparency (good)
Vibrant red flower spike with tightly packed_ feathery blooms that form a conical shape.webp,0.00,0.21,0.59,0.88,0.44,High transparency (good)
This Gomphrena-type flower has one round purple bloom with overlapping pointed petals.webp,0.00,0.18,0.69,0.89,0.31,Top-heavy (center at 31%); High transparency (good)
Solitary_ peach-colored cosmo bloom and bud_ sparse_ ruffled petals surround fuzzy center.webp,0.00,0.24,0.62,0.86,0.36,Top-heavy (center at 36%); High transparency (good)
This is a single_ light-pink chrysanthemum with numerous_ slender petals arranged in dense layers.webp,0.00,0.37,0.71,0.78,0.34,Top-heavy (center at 34%); High transparency (good)
Three pink hollyhock blooms with multiple buds_ ruffled_ translucent petals surround a prominent center.webp,0.00,0.49,0.79,0.65,0.55,
Three purple aster blooms show fringed petals_ two smaller and one larger.webp,0.00,0.26,0.52,0.89,0.38,Top-heavy (center at 38%); High transparency (good)
Two red-orange_ lantern-like blooms with papery texture and prominent veins hang gracefully.webp,0.00,0.38,0.75,0.78,0.54,High transparency (good)
Solitary pink clover with numerous tightly packed petals forming a globular shape.webp,0.00,0.31,0.68,0.82,0.41,Top-heavy (center at 41%); High transparency (good)
This is a single bloom of Helichrysum_ pink and orange with papery_ layered petals.webp,0.00,0.33,0.66,0.81,0.38,Top-heavy (center at 38%); High transparency (good)
Three stalks of purple salvia with distinct spoon-shaped petals arranged vertically.webp,0.00,0.25,0.55,0.87,0.55,High transparency (good)
This is a single_ pale pink flower with rounded petals and a dark central disc.webp,0.00,0.29,0.52,0.87,0.28,Top-heavy (center at 28%); High transparency (good)
The umbel flower has many small_ pale pink blooms with five rounded petals.webp,0.00,0.21,0.43,0.92,0.28,Top-heavy (center at 28%); Tall/narrow shape (good); High transparency (good)
This Gomphrena has a single_ cone-shaped_ magenta bloom with papery_ petal-like bracts closely overlapping.webp,0.00,0.18,0.62,0.91,0.32,Top-heavy (center at 32%); High transparency (good)
This single bloom features wispy_ lavender-pink petals arranged loosely around noticeable stamens.webp,0.00,0.21,0.67,0.86,0.38,Top-heavy (center at 38%); High transparency (good)
This is a blooming coral snapdragon with upwards of ten individual_ uniquely shaped flowers.webp,0.00,0.46,0.36,0.84,0.54,Tall/narrow shape (good); High transparency (good)
The red blossoms_ tubular at the base_ have five distinct_ pointed petals_ and cluster vertically.webp,0.00,0.30,0.53,0.87,0.56,High transparency (good)
Two orange-toned daffodil blooms with a frilled cup_ and pointed_ striated petals.webp,0.00,0.36,0.74,0.80,0.38,Top-heavy (center at 38%); High transparency (good)
Vibrant orange bloom with sharply pointed petals arranged densely_ one flower head.webp,0.00,0.42,0.71,0.71,0.42,High transparency (good)
